1007_s_at,,,,,,
1053_at,,,,,,
117_at,,,,,,
121_at,,,,,,
1255_g_at,,,,,,
1294_at,,,,,,
1316_at,,,,,,
1320_at,,,,,,
1405_i_at,,,,,,
1431_at,,,,,,
1438_at,,,,,,
1487_at,,,,,,
1494_f_at,,,,,,
1598_g_at,,,,,,
160020_at,,,,,,
1729_at,,,,,,
1773_at,,,,,,
177_at,,,,,,
179_at,,,,,,
1861_at,,,,,,
200000_s_at,,,,,,
200001_at,,,,,,
200002_at,,,,,,
200003_s_at,,,,,,
200004_at,,,,,,
200005_at,,,,,,
200006_at,,,,,,
200007_at,,,,,,
200008_s_at,,,,,,
200009_at,,,,,,
200010_at,,,,,,
200011_s_at,,,,,,
200012_x_at,,,,,,
200013_at,,,,,,
200014_s_at,,,,,,
200015_s_at,,,,,,
200016_x_at,,,,,,
200017_at,,,,,,
200018_at,,,,,,
200019_s_at,,,,,,
200020_at,,,,,,
200021_at,,,,,,
200022_at,,,,,,
200023_s_at,,,,,,
200024_at,,,,,,
200025_s_at,,,,,,
200026_at,,,,,,
200027_at,,,,,,
200028_s_at,,,,,,
200029_at,,,,,,
200030_s_at,,,,,,
200031_s_at,,,,,,
200032_s_at,,,,,,
200033_at,,,,,,
200034_s_at,,,,,,
200035_at,,,,,,
200036_s_at,,,,,,
200037_s_at,,,,,,
200038_s_at,,,,,,
200039_s_at,,,,,,
200040_at,,,,,,
200041_s_at,,,,,,
200042_at,,,,,,
200043_at,,,,,,
200044_at,,,,,,
200045_at,,,,,,
200046_at,,,,,,
200047_s_at,,,,,,
200048_s_at,,,,,,
200049_at,,,,,,
200050_at,,,,,,
200051_at,,,,,,
200052_s_at,,,,,,
200053_at,,,,,,
200054_at,,,,,,
200055_at,,,,,,
200056_s_at,,,,,,
200057_s_at,,,,,,
200058_s_at,,,,,,
200059_s_at,,,,,,
200060_s_at,,,,,,
200061_s_at,,,,,,
200062_s_at,,,,,,
200063_s_at,,,,,,
200064_at,,,,,,
200065_s_at,,,,,,
200066_at,,,,,,
200067_x_at,,,,,,
200068_s_at,,,,,,
200069_at,,,,,,
200070_at,,,,,,
200071_at,,,,,,
200072_s_at,,,,,,
200073_s_at,,,,,,
200074_s_at,,,,,,
200075_s_at,,,,,,
200076_s_at,,,,,,
200077_s_at,,,,,,
200078_s_at,,,,,,
200079_s_at,,,,,,
200080_s_at,,,,,,
200081_s_at,,,,,,
200082_s_at,,,,,,
200083_at,,,,,,
200084_at,,,,,,
200085_s_at,,,,,,
200086_s_at,,,,,,
200087_s_at,,,,,,
200088_x_at,,,,,,
200089_s_at,,,,,,
200090_at,,,,,,
200091_s_at,,,,,,
200092_s_at,,,,,,
200093_s_at,,,,,,
200094_s_at,,,,,,
200095_x_at,,,,,,
200096_s_at,,,,,,
200097_s_at,,,,,,
200098_s_at,,,,,,
200099_s_at,,,,,,
200593_s_at,,,,,,
200594_x_at,,,,,,
200595_s_at,,,,,,
200596_s_at,,,,,,
200597_at,,,,,,
200598_s_at,,,,,,
200599_s_at,,,,,,
200600_at,,,,,,
200601_at,,,,,,
200602_at,,,,,,
200603_at,,,,,,
200604_s_at,,,,,,
200605_s_at,,,,,,
200606_at,,,,,,
200607_s_at,,,,,,
200608_s_at,,,,,,
200609_s_at,,,,,,
200610_s_at,,,,,,
200611_s_at,,,,,,
200612_s_at,,,,,,
200613_at,,,,,,
200614_at,,,,,,
200615_s_at,,,,,,
200616_s_at,,,,,,
200617_at,,,,,,
200618_at,,,,,,
200619_at,,,,,,
200620_at,,,,,,
200621_at,,,,,,
200622_x_at,,,,,,
200623_s_at,,,,,,
200624_s_at,,,,,,
200625_s_at,,,,,,
200626_s_at,,,,,,
200627_at,,,,,,
200628_s_at,,,,,,
200629_at,,,,,,
200630_x_at,,,,,,
200631_s_at,,,,,,
200632_s_at,,,,,,
200633_at,,,,,,
200634_at,,,,,,
200635_s_at,,,,,,
200636_s_at,,,,,,
200637_s_at,,,,,,
200638_s_at,,,,,,
200639_s_at,,,,,,
200640_at,,,,,,
200641_s_at,,,,,,
200642_at,,,,,,
200643_at,,,,,,
200644_at,,,,,,
200645_at,,,,,,
200646_s_at,,,,,,
200647_x_at,,,,,,
200648_s_at,,,,,,
200649_at,,,,,,
200650_s_at,,,,,,
200651_at,,,,,,
200652_at,,,,,,
200653_s_at,,,,,,
200654_at,,,,,,
200655_s_at,,,,,,
200656_s_at,,,,,,
200657_at,,,,,,
200658_s_at,,,,,,
200659_s_at,,,,,,
200660_at,,,,,,
200661_at,,,,,,
200662_s_at,,,,,,
200663_at,,,,,,
200664_s_at,,,,,,
200665_s_at,,,,,,
200666_s_at,,,,,,
200667_at,,,,,,
200668_s_at,,,,,,
200669_s_at,,,,,,
200670_at,,,,,,
200671_s_at,,,,,,
200672_x_at,,,,,,
200673_at,,,,,,
200674_s_at,,,,,,
200675_at,,,,,,
200676_s_at,,,,,,
200677_at,,,,,,
200678_x_at,,,,,,
200679_x_at,,,,,,
200680_x_at,,,,,,
200681_at,,,,,,
200682_s_at,,,,,,
200683_s_at,,,,,,
200684_s_at,,,,,,
200685_at,,,,,,
200686_s_at,,,,,,
200687_s_at,,,,,,
200688_at,,,,,,
200689_x_at,,,,,,
200690_at,,,,,,
200691_s_at,,,,,,
200692_s_at,,,,,,
200693_at,,,,,,
200694_s_at,,,,,,
200695_at,,,,,,
200696_s_at,,,,,,
200697_at,,,,,,
200698_at,,,,,,
200699_at,,,,,,
200700_s_at,,,,,,
200701_at,,,,,,
200702_s_at,,,,,,
200703_at,,,,,,
200704_at,,,,,,
200705_s_at,,,,,,
200706_s_at,,,,,,
200707_at,,,,,,
200708_at,,,,,,
200709_at,,,,,,
200710_at,,,,,,
200711_s_at,,,,,,
200712_s_at,,,,,,
200713_s_at,,,,,,
200714_x_at,,,,,,
200715_x_at,,,,,,
200716_x_at,,,,,,
200717_x_at,,,,,,
200718_s_at,,,,,,
200719_at,,,,,,
200720_s_at,,,,,,
200721_s_at,,,,,,
200722_s_at,,,,,,
200723_s_at,,,,,,
200724_at,,,,,,
200725_x_at,,,,,,
200726_at,,,,,,
200727_s_at,,,,,,
200728_at,,,,,,
200729_s_at,,,,,,
200730_s_at,,,,,,
200731_s_at,,,,,,
200732_s_at,,,,,,
200733_s_at,,,,,,
200734_s_at,,,,,,
200735_x_at,,,,,,
200736_s_at,,,,,,
200737_at,,,,,,
200738_s_at,,,,,,
200739_s_at,,,,,,
200740_s_at,,,,,,
200741_s_at,,,,,,
200742_s_at,,,,,,
200743_s_at,,,,,,
200744_s_at,,,,,,
200745_s_at,,,,,,
200746_s_at,,,,,,
200747_s_at,,,,,,
200748_s_at,,,,,,
200749_at,,,,,,
200750_s_at,,,,,,
200751_s_at,,,,,,
200752_s_at,,,,,,
200753_x_at,,,,,,
200754_x_at,,,,,,
200755_s_at,,,,,,
200756_x_at,,,,,,
200757_s_at,,,,,,
200758_s_at,,,,,,
200759_x_at,,,,,,
200760_s_at,,,,,,
200761_s_at,,,,,,
200762_at,,,,,,
200763_s_at,,,,,,
200764_s_at,,,,,,
200765_x_at,,,,,,
200766_at,,,,,,
200767_s_at,,,,,,
200768_s_at,,,,,,
200769_s_at,,,,,,
200770_s_at,,,,,,
200771_at,,,,,,
200772_x_at,,,,,,
200773_x_at,,,,,,
200774_at,,,,,,
200775_s_at,,,,,,
200776_s_at,,,,,,
200777_s_at,,,,,,
200778_s_at,,,,,,
200779_at,,,,,,
200780_x_at,,,,,,
200781_s_at,,,,,,
200782_at,,,,,,
200783_s_at,,,,,,
200784_s_at,,,,,,
200785_s_at,,,,,,
200786_at,,,,,,
200787_s_at,,,,,,
200788_s_at,,,,,,
200789_at,,,,,,
200790_at,,,,,,
200791_s_at,,,,,,
200792_at,,,,,,
200793_s_at,,,,,,
200794_x_at,,,,,,
200795_at,,,,,,
200796_s_at,,,,,,
200797_s_at,,,,,,
200798_x_at,,,,,,
200799_at,,,,,,
200800_s_at,,,,,,
200801_x_at,,,,,,
200802_at,,,,,,
200803_s_at,,,,,,
200804_at,,,,,,
200805_at,,,,,,
200806_s_at,,,,,,
200807_s_at,,,,,,
200808_s_at,,,,,,
200809_x_at,,,,,,
200810_s_at,,,,,,
200811_at,,,,,,
200812_at,,,,,,
200813_s_at,,,,,,
200814_at,,,,,,
200815_s_at,,,,,,
200816_s_at,,,,,,
200817_x_at,,,,,,
200818_at,,,,,,
200819_s_at,,,,,,
200820_at,,,,,,
200821_at,,,,,,
200822_x_at,,,,,,
200823_x_at,,,,,,
200824_at,,,,,,
200825_s_at,,,,,,
200826_at,,,,,,
200827_at,,,,,,
200828_s_at,,,,,,
200829_x_at,,,,,,
200830_at,,,,,,
200831_s_at,,,,,,
200832_s_at,,,,,,
200833_s_at,,,,,,
200834_s_at,,,,,,
200835_s_at,,,,,,
200836_s_at,,,,,,
200837_at,,,,,,
200838_at,,,,,,
200839_s_at,,,,,,
200840_at,,,,,,
200841_s_at,,,,,,
200842_s_at,,,,,,
200843_s_at,,,,,,
200844_s_at,,,,,,
200845_s_at,,,,,,
200846_s_at,,,,,,
200847_s_at,,,,,,
200848_at,,,,,,
200849_s_at,,,,,,
200850_s_at,,,,,,
200851_s_at,,,,,,
200852_x_at,,,,,,
200853_at,,,,,,
200854_at,,,,,,
200855_at,,,,,,
200856_x_at,,,,,,
200857_s_at,,,,,,
200858_s_at,,,,,,
200859_x_at,,,,,,
200860_s_at,,,,,,
200861_at,,,,,,
200862_at,,,,,,
200863_s_at,,,,,,
200864_s_at,,,,,,
200865_at,,,,,,
200866_s_at,,,,,,
200867_at,,,,,,
200868_s_at,,,,,,
200869_at,,,,,,
200870_at,,,,,,
200871_s_at,,,,,,
200872_at,,,,,,
200873_s_at,,,,,,
200874_s_at,,,,,,
200875_s_at,,,,,,
200876_s_at,,,,,,
200877_at,,,,,,
200878_at,,,,,,
200879_s_at,,,,,,
200880_at,,,,,,
200881_s_at,,,,,,
200882_s_at,,,,,,
200883_at,,,,,,
200884_at,,,,,,
200885_at,,,,,,
200886_s_at,,,,,,
200887_s_at,,,,,,
200888_s_at,,,,,,
200889_s_at,,,,,,
200890_s_at,,,,,,
200891_s_at,,,,,,
200892_s_at,,,,,,
200893_at,,,,,,
200894_s_at,,,,,,
200895_s_at,,,,,,
200896_x_at,,,,,,
200897_s_at,,,,,,
200898_s_at,,,,,,
200899_s_at,,,,,,
200900_s_at,,,,,,
200901_s_at,,,,,,
200902_at,,,,,,
200903_s_at,,,,,,
200904_at,,,,,,
200905_x_at,,,,,,
200906_s_at,,,,,,
200907_s_at,,,,,,
200908_s_at,,,,,,
200909_s_at,,,,,,
200910_at,,,,,,
200911_s_at,,,,,,
200912_s_at,,,,,,
200913_at,,,,,,
200914_x_at,,,,,,
200915_x_at,,,,,,
200916_at,,,,,,
200917_s_at,,,,,,
200918_s_at,,,,,,
200919_at,,,,,,
200920_s_at,,,,,,
200921_s_at,,,,,,
200922_at,,,,,,
200923_at,,,,,,
200924_s_at,,,,,,
200925_at,,,,,,
200926_at,,,,,,
200927_s_at,,,,,,
200928_s_at,,,,,,
200929_at,,,,,,
200930_s_at,,,,,,
200931_s_at,,,,,,
200932_s_at,,,,,,
200933_x_at,,,,,,
200934_at,,,,,,
200935_at,,,,,,
200936_at,,,,,,
200937_s_at,,,,,,
200938_s_at,,,,,,
200939_s_at,,,,,,
200940_s_at,,,,,,
200941_at,,,,,,
200942_s_at,,,,,,
200943_at,,,,,,
200944_s_at,,,,,,
200945_s_at,,,,,,
200946_x_at,,,,,,
200947_s_at,,,,,,
200948_at,,,,,,
200949_x_at,,,,,,
200950_at,,,,,,
200951_s_at,,,,,,
200952_s_at,,,,,,
200953_s_at,,,,,,
200954_at,,,,,,
200955_at,,,,,,
200956_s_at,,,,,,
200957_s_at,,,,,,
200958_s_at,,,,,,
200959_at,,,,,,
200960_x_at,,,,,,
200961_at,,,,,,
200962_at,,,,,,
200963_x_at,,,,,,
200964_at,,,,,,
200965_s_at,,,,,,
200966_x_at,,,,,,
200967_at,,,,,,
200968_s_at,,,,,,
200969_at,,,,,,
200970_s_at,,,,,,
200971_s_at,,,,,,
200972_at,,,,,,
200973_s_at,,,,,,
200974_at,,,,,,
200975_at,,,,,,
200976_s_at,,,,,,
200977_s_at,,,,,,
200978_at,,,,,,
200979_at,,,,,,
200980_s_at,,,,,,
200981_x_at,,,,,,
200982_s_at,,,,,,
200983_x_at,,,,,,
200984_s_at,,,,,,
200985_s_at,,,,,,
200986_at,,,,,,
200987_x_at,,,,,,
200988_s_at,,,,,,
200989_at,,,,,,
200990_at,,,,,,
200991_s_at,,,,,,
200992_at,,,,,,
200993_at,,,,,,
200994_at,,,,,,
200995_at,,,,,,
200996_at,,,,,,
200997_at,,,,,,
200998_s_at,,,,,,
200999_s_at,,,,,,
201000_at,,,,,,
201001_s_at,,,,,,
201002_s_at,,,,,,
201003_x_at,,,,,,
201004_at,,,,,,
201005_at,,,,,,
201006_at,,,,,,
201007_at,,,,,,
201008_s_at,,,,,,
201009_s_at,,,,,,
201010_s_at,,,,,,
201011_at,,,,,,
201012_at,,,,,,
201013_s_at,,,,,,
201014_s_at,,,,,,
201015_s_at,,,,,,
201016_at,,,,,,
201017_at,,,,,,
201018_at,,,,,,
201019_s_at,,,,,,
201020_at,,,,,,
201021_s_at,,,,,,
201022_s_at,,,,,,
201023_at,,,,,,
201024_x_at,,,,,,
201025_at,,,,,,
201026_at,,,,,,
201027_s_at,,,,,,
201028_s_at,,,,,,
201029_s_at,,,,,,
201030_x_at,,,,,,
201031_s_at,,,,,,
201032_at,,,,,,
201033_x_at,,,,,,
201034_at,,,,,,
201035_s_at,,,,,,
201036_s_at,,,,,,
201037_at,,,,,,
201038_s_at,,,,,,
201039_s_at,,,,,,
201040_at,,,,,,
201041_s_at,,,,,,
201042_at,,,,,,
201043_s_at,,,,,,
201044_x_at,,,,,,
201045_s_at,,,,,,
201046_s_at,,,,,,
201047_x_at,,,,,,
201048_x_at,,,,,,
201049_s_at,,,,,,
201050_at,,,,,,
201051_at,,,,,,
201052_s_at,,,,,,
201053_s_at,,,,,,
201054_at,,,,,,
201055_s_at,,,,,,
201056_at,,,,,,
201057_s_at,,,,,,
201058_s_at,,,,,,
201059_at,,,,,,
201060_x_at,,,,,,
201061_s_at,,,,,,
201062_at,,,,,,
201063_at,,,,,,
201064_s_at,,,,,,
201065_s_at,,,,,,
201066_at,,,,,,
201067_at,,,,,,
201068_s_at,,,,,,
201069_at,,,,,,
201070_x_at,,,,,,
201071_x_at,,,,,,
201072_s_at,,,,,,
201073_s_at,,,,,,
201074_at,,,,,,
201075_s_at,,,,,,
201076_at,,,,,,
201077_s_at,,,,,,
201078_at,,,,,,
201079_at,,,,,,
201080_at,,,,,,
201081_s_at,,,,,,
201082_s_at,,,,,,
201083_s_at,,,,,,
201084_s_at,,,,,,
201085_s_at,,,,,,
201086_x_at,,,,,,
201087_at,,,,,,
201088_at,,,,,,
201089_at,,,,,,
201090_x_at,,,,,,
201091_s_at,,,,,,
201092_at,,,,,,
201093_x_at,,,,,,
201094_at,,,,,,
201095_at,,,,,,
201096_s_at,,,,,,
201097_s_at,,,,,,
201098_at,,,,,,
201099_at,,,,,,
201100_s_at,,,,,,
201101_s_at,,,,,,
201102_s_at,,,,,,
201103_x_at,,,,,,
201104_x_at,,,,,,
201105_at,,,,,,
201106_at,,,,,,
201107_s_at,,,,,,
201108_s_at,,,,,,
201109_s_at,,,,,,
201110_s_at,,,,,,
201111_at,,,,,,
201112_s_at,,,,,,
201113_at,,,,,,
201114_x_at,,,,,,
201115_at,,,,,,
201116_s_at,,,,,,
201117_s_at,,,,,,
201118_at,,,,,,
201119_s_at,,,,,,
201120_s_at,,,,,,
201121_s_at,,,,,,
201122_x_at,,,,,,
201123_s_at,,,,,,
201124_at,,,,,,
201125_s_at,,,,,,
201126_s_at,,,,,,
201127_s_at,,,,,,
201128_s_at,,,,,,
201129_at,,,,,,
201130_s_at,,,,,,
201131_s_at,,,,,,
201132_at,,,,,,
201133_s_at,,,,,,
201134_x_at,,,,,,
201135_at,,,,,,
201136_at,,,,,,
201137_s_at,,,,,,
201138_s_at,,,,,,
201139_s_at,,,,,,
201140_s_at,,,,,,
201141_at,,,,,,
201142_at,,,,,,
201143_s_at,,,,,,
201144_s_at,,,,,,
201145_at,,,,,,
201146_at,,,,,,
201147_s_at,,,,,,
201148_s_at,,,,,,
201149_s_at,,,,,,
201150_s_at,,,,,,
201151_s_at,,,,,,
201152_s_at,,,,,,
201153_s_at,,,,,,
201154_x_at,,,,,,
201155_s_at,,,,,,
201156_s_at,,,,,,
201157_s_at,,,,,,
201158_at,,,,,,
201159_s_at,,,,,,
201160_s_at,,,,,,
201161_s_at,,,,,,
201162_at,,,,,,
201163_s_at,,,,,,
201164_s_at,,,,,,
201165_s_at,,,,,,
201166_s_at,,,,,,
201167_x_at,,,,,,
201168_x_at,,,,,,
201169_s_at,,,,,,
201170_s_at,,,,,,
201171_at,,,,,,
201172_x_at,,,,,,
201173_x_at,,,,,,
201174_s_at,,,,,,
201175_at,,,,,,
201176_s_at,,,,,,
201177_s_at,,,,,,
201178_at,,,,,,
201179_s_at,,,,,,
201180_s_at,,,,,,
201181_at,,,,,,
201182_s_at,,,,,,
201183_s_at,,,,,,
201184_s_at,,,,,,
201185_at,,,,,,
201186_at,,,,,,
201187_s_at,,,,,,
201188_s_at,,,,,,
201189_s_at,,,,,,
201190_s_at,,,,,,
201191_at,,,,,,
201192_s_at,,,,,,
201193_at,,,,,,
201194_at,,,,,,
201195_s_at,,,,,,
201196_s_at,,,,,,
201197_at,,,,,,
201198_s_at,,,,,,
201199_s_at,,,,,,
201200_at,,,,,,
201201_at,,,,,,
201202_at,,,,,,
201203_s_at,,,,,,
201204_s_at,,,,,,
201205_at,,,,,,
201206_s_at,,,,,,
201207_at,,,,,,
201208_s_at,,,,,,
201209_at,,,,,,
201210_at,,,,,,
201211_s_at,,,,,,
201212_at,,,,,,
201213_at,,,,,,
201214_s_at,,,,,,
201215_at,,,,,,
201216_at,,,,,,
201217_x_at,,,,,,
201218_at,,,,,,
201219_at,,,,,,
201220_x_at,,,,,,
201221_s_at,,,,,,
201222_s_at,,,,,,
201223_s_at,,,,,,
201224_s_at,,,,,,
201225_s_at,,,,,,
201226_at,,,,,,
201227_s_at,,,,,,
201228_s_at,,,,,,
201229_s_at,,,,,,
201230_s_at,,,,,,
201231_s_at,,,,,,
201232_s_at,,,,,,
201233_at,,,,,,
201234_at,,,,,,
201235_s_at,,,,,,
201236_s_at,,,,,,
201237_at,,,,,,
201238_s_at,,,,,,
201239_s_at,,,,,,
201240_s_at,,,,,,
201241_at,,,,,,
201242_s_at,,,,,,
201243_s_at,,,,,,
201244_s_at,,,,,,
201245_s_at,,,,,,
201246_s_at,,,,,,
201247_at,,,,,,
201248_s_at,,,,,,
201249_at,,,,,,
201250_s_at,,,,,,
201251_at,,,,,,
201252_at,,,,,,
201253_s_at,,,,,,
201254_x_at,,,,,,
201255_x_at,,,,,,
201256_at,,,,,,
201257_x_at,,,,,,
201258_at,,,,,,
201259_s_at,,,,,,
201260_s_at,,,,,,
201261_x_at,,,,,,
201262_s_at,,,,,,
201263_at,,,,,,
201264_at,,,,,,
201265_at,,,,,,
201266_at,,,,,,
201267_s_at,,,,,,
201268_at,,,,,,
201269_s_at,,,,,,
201270_x_at,,,,,,
201271_s_at,,,,,,
201272_at,,,,,,
201273_s_at,,,,,,
201274_at,,,,,,
201275_at,,,,,,
201276_at,,,,,,
201277_s_at,,,,,,
201278_at,,,,,,
201279_s_at,,,,,,
201280_s_at,,,,,,
201281_at,,,,,,
201282_at,,,,,,
201283_s_at,,,,,,
201284_s_at,,,,,,
201285_at,,,,,,
201286_at,,,,,,
201287_s_at,,,,,,
201288_at,,,,,,
201289_at,,,,,,
201290_at,,,,,,
201291_s_at,,,,,,
201292_at,,,,,,
201293_x_at,,,,,,
201294_s_at,,,,,,
201295_s_at,,,,,,
201296_s_at,,,,,,
201297_s_at,,,,,,
201298_s_at,,,,,,
201299_s_at,,,,,,
201300_s_at,,,,,,
201301_s_at,,,,,,
201302_at,,,,,,
201303_at,,,,,,
201304_at,,,,,,
201305_x_at,,,,,,
201306_s_at,,,,,,
201307_at,,,,,,
201308_s_at,,,,,,
201309_x_at,,,,,,
201310_s_at,,,,,,
201311_s_at,,,,,,
201312_s_at,,,,,,
201313_at,,,,,,
201314_at,,,,,,
201315_x_at,,,,,,
201316_at,,,,,,
201317_s_at,,,,,,
201318_s_at,,,,,,
201319_at,,,,,,
201320_at,,,,,,
201321_s_at,,,,,,
201322_at,,,,,,
201323_at,,,,,,
201324_at,,,,,,
201325_s_at,,,,,,
201326_at,,,,,,
201327_s_at,,,,,,
201328_at,,,,,,
201329_s_at,,,,,,
201330_at,,,,,,
201331_s_at,,,,,,
201332_s_at,,,,,,
201333_s_at,,,,,,
201334_s_at,,,,,,
201335_s_at,,,,,,
201336_at,,,,,,
201337_s_at,,,,,,
201338_x_at,,,,,,
201339_s_at,,,,,,
201340_s_at,,,,,,
201341_at,,,,,,
201342_at,,,,,,
201343_at,,,,,,
201344_at,,,,,,
201345_s_at,,,,,,
201346_at,,,,,,
201347_x_at,,,,,,
201348_at,,,,,,
201349_at,,,,,,
201350_at,,,,,,
201351_s_at,,,,,,
201352_at,,,,,,
201353_s_at,,,,,,
201354_s_at,,,,,,
201355_s_at,,,,,,
201356_at,,,,,,
201357_s_at,,,,,,
201358_s_at,,,,,,
201359_at,,,,,,
201360_at,,,,,,
201361_at,,,,,,
201362_at,,,,,,
201363_s_at,,,,,,
201364_s_at,,,,,,
201365_at,,,,,,
201366_at,,,,,,
201367_s_at,,,,,,
201368_at,,,,,,
201369_s_at,,,,,,
201370_s_at,,,,,,
201371_s_at,,,,,,
201372_s_at,,,,,,
201373_at,,,,,,
201374_x_at,,,,,,
201375_s_at,,,,,,
201376_s_at,,,,,,
201377_at,,,,,,
201378_s_at,,,,,,
201379_s_at,,,,,,
201380_at,,,,,,
201381_x_at,,,,,,
201382_at,,,,,,
201383_s_at,,,,,,
201384_s_at,,,,,,
201385_at,,,,,,
201386_s_at,,,,,,
201387_s_at,,,,,,
201388_at,,,,,,
201389_at,,,,,,
201390_s_at,,,,,,
201391_at,,,,,,
201392_s_at,,,,,,
201393_s_at,,,,,,
201394_s_at,,,,,,
201395_at,,,,,,
201396_s_at,,,,,,
201397_at,,,,,,
201398_s_at,,,,,,
201399_s_at,,,,,,
201400_at,,,,,,
201401_s_at,,,,,,
201402_at,,,,,,
201403_s_at,,,,,,
201404_x_at,,,,,,
201405_s_at,,,,,,
201406_at,,,,,,
201407_s_at,,,,,,
201408_at,,,,,,
201409_s_at,,,,,,
201410_at,,,,,,
201411_s_at,,,,,,
201412_at,,,,,,
201413_at,,,,,,
201414_s_at,,,,,,
201415_at,,,,,,
201416_at,,,,,,
201417_at,,,,,,
201418_s_at,,,,,,
201419_at,,,,,,
201420_s_at,,,,,,
201421_s_at,,,,,,
201422_at,,,,,,
201423_s_at,,,,,,
201424_s_at,,,,,,
201425_at,,,,,,
201426_s_at,,,,,,
201427_s_at,,,,,,
201428_at,,,,,,
201429_s_at,,,,,,
201430_s_at,,,,,,
201431_s_at,,,,,,
201432_at,,,,,,
201433_s_at,,,,,,
201434_at,,,,,,
201435_s_at,,,,,,
201436_at,,,,,,
201437_s_at,,,,,,
201438_at,,,,,,
201439_at,,,,,,
201440_at,,,,,,
201441_at,,,,,,
201442_s_at,,,,,,
201443_s_at,,,,,,
201444_s_at,,,,,,
201445_at,,,,,,
201446_s_at,,,,,,
201447_at,,,,,,
201448_at,,,,,,
201449_at,,,,,,
201450_s_at,,,,,,
201451_x_at,,,,,,
201452_at,,,,,,
201453_x_at,,,,,,
201454_s_at,,,,,,
201455_s_at,,,,,,
201456_s_at,,,,,,
201457_x_at,,,,,,
201458_s_at,,,,,,
201459_at,,,,,,
201460_at,,,,,,
201461_s_at,,,,,,
201462_at,,,,,,
201463_s_at,,,,,,
201464_x_at,,,,,,
201465_s_at,,,,,,
201466_s_at,,,,,,
201467_s_at,,,,,,
201468_s_at,,,,,,
201469_s_at,,,,,,
201470_at,,,,,,
201471_s_at,,,,,,
201472_at,,,,,,
201473_at,,,,,,
201474_s_at,,,,,,
201475_x_at,,,,,,
201476_s_at,,,,,,
201477_s_at,,,,,,
201478_s_at,,,,,,
201479_at,,,,,,
201480_s_at,,,,,,
201481_s_at,,,,,,
201482_at,,,,,,
201483_s_at,,,,,,
201484_at,,,,,,
201485_s_at,,,,,,
201486_at,,,,,,
201487_at,,,,,,
201488_x_at,,,,,,
201489_at,,,,,,
201490_s_at,,,,,,
201491_at,,,,,,
201492_s_at,,,,,,
201493_s_at,,,,,,
201494_at,,,,,,
201495_x_at,,,,,,
201496_x_at,,,,,,
201497_x_at,,,,,,
201498_at,,,,,,
201499_s_at,,,,,,
201500_s_at,,,,,,
201501_s_at,,,,,,
201502_s_at,,,,,,
201503_at,,,,,,
201504_s_at,,,,,,
201505_at,,,,,,
201506_at,,,,,,
201507_at,,,,,,
201508_at,,,,,,
201509_at,,,,,,
201510_at,,,,,,
201511_at,,,,,,
201512_s_at,,,,,,
201513_at,,,,,,
201514_s_at,,,,,,
201515_s_at,,,,,,
201516_at,,,,,,
201517_at,,,,,,
201518_at,,,,,,
201519_at,,,,,,
201520_s_at,,,,,,
201521_s_at,,,,,,
201522_x_at,,,,,,
201523_x_at,,,,,,
201524_x_at,,,,,,
201525_at,,,,,,
201526_at,,,,,,
201527_at,,,,,,
201528_at,,,,,,
201529_s_at,,,,,,
201530_x_at,,,,,,
201531_at,,,,,,
201532_at,,,,,,
201533_at,,,,,,
201534_s_at,,,,,,
201535_at,,,,,,
201536_at,,,,,,
201537_s_at,,,,,,
201538_s_at,,,,,,
201539_s_at,,,,,,
201540_at,,,,,,
201541_s_at,,,,,,
201542_at,,,,,,
201543_s_at,,,,,,
201544_x_at,,,,,,
201545_s_at,,,,,,
201546_at,,,,,,
201547_at,,,,,,
201548_s_at,,,,,,
201549_x_at,,,,,,
201550_x_at,,,,,,
201551_s_at,,,,,,
201552_at,,,,,,
201553_s_at,,,,,,
201554_x_at,,,,,,
201555_at,,,,,,
201556_s_at,,,,,,
201557_at,,,,,,
201558_at,,,,,,
201559_s_at,,,,,,
201560_at,,,,,,
201561_s_at,,,,,,
201562_s_at,,,,,,
201563_at,,,,,,
201564_s_at,,,,,,
201565_s_at,,,,,,
201566_x_at,,,,,,
201567_s_at,,,,,,
201568_at,,,,,,
201569_s_at,,,,,,
201570_at,,,,,,
201571_s_at,,,,,,
201572_x_at,,,,,,
201573_s_at,,,,,,
201574_at,,,,,,
201575_at,,,,,,
201576_s_at,,,,,,
201577_at,,,,,,
201578_at,,,,,,
201579_at,,,,,,
201580_s_at,,,,,,
201581_at,,,,,,
201582_at,,,,,,
201583_s_at,,,,,,
201584_s_at,,,,,,
201585_s_at,,,,,,
201586_s_at,,,,,,
201587_s_at,,,,,,
201588_at,,,,,,
201589_at,,,,,,
201590_x_at,,,,,,
201591_s_at,,,,,,
201592_at,,,,,,
201593_s_at,,,,,,
201594_s_at,,,,,,
201595_s_at,,,,,,
201596_x_at,,,,,,
201597_at,,,,,,
201598_s_at,,,,,,
201599_at,,,,,,
201600_at,,,,,,
201601_x_at,,,,,,
201602_s_at,,,,,,
201603_at,,,,,,
201604_s_at,,,,,,
201605_x_at,,,,,,
201606_s_at,,,,,,
201607_at,,,,,,
201608_s_at,,,,,,
201609_x_at,,,,,,
201610_at,,,,,,
201611_s_at,,,,,,
201612_at,,,,,,
201613_s_at,,,,,,
201614_s_at,,,,,,
201615_x_at,,,,,,
201616_s_at,,,,,,
201617_x_at,,,,,,
201618_x_at,,,,,,
201619_at,,,,,,
201620_at,,,,,,
201621_at,,,,,,
201622_at,,,,,,
201623_s_at,,,,,,
201624_at,,,,,,
201625_s_at,,,,,,
201626_at,,,,,,
201627_s_at,,,,,,
201628_s_at,,,,,,
201629_s_at,,,,,,
201630_s_at,,,,,,
201631_s_at,,,,,,
201632_at,,,,,,
201633_s_at,,,,,,
201634_s_at,,,,,,
201635_s_at,,,,,,
201636_at,,,,,,
201637_s_at,,,,,,
201638_s_at,,,,,,
201639_s_at,,,,,,
201640_x_at,,,,,,
201641_at,,,,,,
201642_at,,,,,,
201643_x_at,,,,,,
201644_at,,,,,,
201645_at,,,,,,
201646_at,,,,,,
201647_s_at,,,,,,
201648_at,,,,,,
201649_at,,,,,,
201650_at,,,,,,
201651_s_at,,,,,,
201652_at,,,,,,
201653_at,,,,,,
201654_s_at,,,,,,
201655_s_at,,,,,,
201656_at,,,,,,
201657_at,,,,,,
201658_at,,,,,,
201659_s_at,,,,,,
201660_at,,,,,,
201661_s_at,,,,,,
201662_s_at,,,,,,
201663_s_at,,,,,,
201664_at,,,,,,
201665_x_at,,,,,,
201666_at,,,,,,
201667_at,,,,,,
201668_x_at,,,,,,
201669_s_at,,,,,,
201670_s_at,,,,,,
201671_x_at,,,,,,
201672_s_at,,,,,,
201673_s_at,,,,,,
201674_s_at,,,,,,
201675_at,,,,,,
201676_x_at,,,,,,
201677_at,,,,,,
201678_s_at,,,,,,
201679_at,,,,,,
201680_x_at,,,,,,
201681_s_at,,,,,,
201682_at,,,,,,
201683_x_at,,,,,,
201684_s_at,,,,,,
201685_s_at,,,,,,
201686_x_at,,,,,,
201687_s_at,,,,,,
201688_s_at,,,,,,
201689_s_at,,,,,,
201690_s_at,,,,,,
201691_s_at,,,,,,
201692_at,,,,,,
201693_s_at,,,,,,
201694_s_at,,,,,,
201695_s_at,,,,,,
201696_at,,,,,,
201697_s_at,,,,,,
201698_s_at,,,,,,
201699_at,,,,,,
201700_at,,,,,,
201701_s_at,,,,,,
201702_s_at,,,,,,
201703_s_at,,,,,,
201704_at,,,,,,
201705_at,,,,,,
201706_s_at,,,,,,
201707_at,,,,,,
201708_s_at,,,,,,
201709_s_at,,,,,,
201710_at,,,,,,
201711_x_at,,,,,,
201712_s_at,,,,,,
201713_s_at,,,,,,
201714_at,,,,,,
201715_s_at,,,,,,
201716_at,,,,,,
201717_at,,,,,,
201718_s_at,,,,,,
201719_s_at,,,,,,
201720_s_at,,,,,,
201721_s_at,,,,,,
201722_s_at,,,,,,
201723_s_at,,,,,,
201724_s_at,,,,,,
201725_at,,,,,,
201726_at,,,,,,
201727_s_at,,,,,,
201728_s_at,,,,,,
201729_s_at,,,,,,
201730_s_at,,,,,,
201731_s_at,,,,,,
201732_s_at,,,,,,
201733_at,,,,,,
201734_at,,,,,,
201735_s_at,,,,,,
201736_s_at,,,,,,
201737_s_at,,,,,,
201738_at,,,,,,
201739_at,,,,,,
201740_at,,,,,,
201741_x_at,,,,,,
201742_x_at,,,,,,
201743_at,,,,,,
201744_s_at,,,,,,
201745_at,,,,,,
201746_at,,,,,,
201747_s_at,,,,,,
201748_s_at,,,,,,
201749_at,,,,,,
201750_s_at,,,,,,
201751_at,,,,,,
201752_s_at,,,,,,
201753_s_at,,,,,,
201754_at,,,,,,
201755_at,,,,,,
201756_at,,,,,,
201757_at,,,,,,
201758_at,,,,,,
201759_at,,,,,,
201760_s_at,,,,,,
201761_at,,,,,,
201762_s_at,,,,,,
201763_s_at,,,,,,
201764_at,,,,,,
201765_s_at,,,,,,
201766_at,,,,,,
201767_s_at,,,,,,
201768_s_at,,,,,,
201769_at,,,,,,
201770_at,,,,,,
201771_at,,,,,,
201772_at,,,,,,
201773_at,,,,,,
201774_s_at,,,,,,
201775_s_at,,,,,,
201776_s_at,,,,,,
201777_s_at,,,,,,
201778_s_at,,,,,,
201779_s_at,,,,,,
201780_s_at,,,,,,
201781_s_at,,,,,,
201782_s_at,,,,,,
201783_s_at,,,,,,
201784_s_at,,,,,,
201785_at,,,,,,
201786_s_at,,,,,,
201787_at,,,,,,
201788_at,,,,,,
201789_at,,,,,,
201790_s_at,,,,,,
201791_s_at,,,,,,
201792_at,,,,,,
201793_x_at,,,,,,
201794_s_at,,,,,,
201795_at,,,,,,
201796_s_at,,,,,,
201797_s_at,,,,,,
201798_s_at,,,,,,
201799_s_at,,,,,,
201800_s_at,,,,,,
201801_s_at,,,,,,
201802_at,,,,,,
201803_at,,,,,,
201804_x_at,,,,,,
201805_at,,,,,,
201806_s_at,,,,,,
201807_at,,,,,,
201808_s_at,,,,,,
201809_s_at,,,,,,
201810_s_at,,,,,,
201811_x_at,,,,,,
201812_s_at,,,,,,
201813_s_at,,,,,,
201814_at,,,,,,
201815_s_at,,,,,,
201816_s_at,,,,,,
201817_at,,,,,,
201818_at,,,,,,
201819_at,,,,,,
201820_at,,,,,,
201821_s_at,,,,,,
201822_at,,,,,,
201823_s_at,,,,,,
201824_at,,,,,,
201825_s_at,,,,,,
201826_s_at,,,,,,
201827_at,,,,,,
201828_x_at,,,,,,
201829_at,,,,,,
201830_s_at,,,,,,
201831_s_at,,,,,,
201832_s_at,,,,,,
201833_at,,,,,,
201834_at,,,,,,
201835_s_at,,,,,,
201836_s_at,,,,,,
201837_s_at,,,,,,
201838_s_at,,,,,,
201839_s_at,,,,,,
201840_at,,,,,,
201841_s_at,,,,,,
201842_s_at,,,,,,
201843_s_at,,,,,,
201844_s_at,,,,,,
201845_s_at,,,,,,
201846_s_at,,,,,,
201847_at,,,,,,
201848_s_at,,,,,,
201849_at,,,,,,
201850_at,,,,,,
201851_at,,,,,,
201852_x_at,,,,,,
201853_s_at,,,,,,
201854_s_at,,,,,,
201855_s_at,,,,,,
201856_s_at,,,,,,
201857_at,,,,,,
201858_s_at,,,,,,
201859_at,,,,,,
201860_s_at,,,,,,
201861_s_at,,,,,,
201862_s_at,,,,,,
201863_at,,,,,,
201864_at,,,,,,
201865_x_at,,,,,,
201866_s_at,,,,,,
201867_s_at,,,,,,
201868_s_at,,,,,,
201869_s_at,,,,,,
201870_at,,,,,,
201871_s_at,,,,,,
201872_s_at,,,,,,
201873_s_at,,,,,,
201874_at,,,,,,
201875_s_at,,,,,,
201876_at,,,,,,
201877_s_at,,,,,,
201878_at,,,,,,
201879_at,,,,,,
201880_at,,,,,,
201881_s_at,,,,,,
201882_x_at,,,,,,
201883_s_at,,,,,,
201884_at,,,,,,
201885_s_at,,,,,,
201886_at,,,,,,
201887_at,,,,,,
201888_s_at,,,,,,
201889_at,,,,,,
201890_at,,,,,,
201891_s_at,,,,,,
201892_s_at,,,,,,
201893_x_at,,,,,,
201894_s_at,,,,,,
201895_at,,,,,,
201896_s_at,,,,,,
201897_s_at,,,,,,
201898_s_at,,,,,,
201899_s_at,,,,,,
201900_s_at,,,,,,
201901_s_at,,,,,,
201902_s_at,,,,,,
201903_at,,,,,,
201904_s_at,,,,,,
201905_s_at,,,,,,
201906_s_at,,,,,,
201907_x_at,,,,,,
201908_at,,,,,,
201909_at,,,,,,
201910_at,,,,,,
201911_s_at,,,,,,
201912_s_at,,,,,,
201913_s_at,,,,,,
201914_s_at,,,,,,
201915_at,,,,,,
201916_s_at,,,,,,
201917_s_at,,,,,,
201918_at,,,,,,
201919_at,,,,,,
201920_at,,,,,,
201921_at,,,,,,
201922_at,,,,,,
201923_at,,,,,,
201924_at,,,,,,
201925_s_at,,,,,,
201926_s_at,,,,,,
201927_s_at,,,,,,
201928_at,,,,,,
201929_s_at,,,,,,
201930_at,,,,,,
201931_at,,,,,,
201932_at,,,,,,
201933_at,,,,,,
201934_at,,,,,,
201935_s_at,,,,,,
201936_s_at,,,,,,
201937_s_at,,,,,,
201938_at,,,,,,
201939_at,,,,,,
201940_at,,,,,,
201941_at,,,,,,
201942_s_at,,,,,,
201943_s_at,,,,,,
201944_at,,,,,,
201945_at,,,,,,
201946_s_at,,,,,,
201947_s_at,,,,,,
201948_at,,,,,,
201949_x_at,,,,,,
201950_x_at,,,,,,
201951_at,,,,,,
201952_at,,,,,,
201953_at,,,,,,
201954_at,,,,,,
201955_at,,,,,,
201956_s_at,,,,,,
201957_at,,,,,,
201958_s_at,,,,,,
201959_s_at,,,,,,
201960_s_at,,,,,,
201961_s_at,,,,,,
201962_s_at,,,,,,
201963_at,,,,,,
201964_at,,,,,,
201965_s_at,,,,,,
201966_at,,,,,,
201967_at,,,,,,
201968_s_at,,,,,,
201969_at,,,,,,
201970_s_at,,,,,,
201971_s_at,,,,,,
201972_at,,,,,,
201973_s_at,,,,,,
201974_s_at,,,,,,
201975_at,,,,,,
201976_s_at,,,,,,
201977_s_at,,,,,,
201978_s_at,,,,,,
201979_s_at,,,,,,
201980_s_at,,,,,,
201981_at,,,,,,
201982_s_at,,,,,,
201983_s_at,,,,,,
201984_s_at,,,,,,
201985_at,,,,,,
201986_at,,,,,,
201987_at,,,,,,
201988_s_at,,,,,,
201989_s_at,,,,,,
201990_s_at,,,,,,
201991_s_at,,,,,,
201992_s_at,,,,,,
201993_x_at,,,,,,
201994_at,,,,,,
201995_at,,,,,,
201996_s_at,,,,,,
201997_s_at,,,,,,
201998_at,,,,,,
201999_s_at,,,,,,
202000_at,,,,,,
202001_s_at,,,,,,
202002_at,,,,,,
202003_s_at,,,,,,
202004_x_at,,,,,,
202005_at,,,,,,
202006_at,,,,,,
202007_at,,,,,,
202008_s_at,,,,,,
202009_at,,,,,,
202010_s_at,,,,,,
202011_at,,,,,,
202012_s_at,,,,,,
202013_s_at,,,,,,
202014_at,,,,,,
202015_x_at,,,,,,
202016_at,,,,,,
202017_at,,,,,,
202018_s_at,,,,,,
202019_s_at,,,,,,
202020_s_at,,,,,,
202021_x_at,,,,,,
202022_at,,,,,,
202023_at,,,,,,
202024_at,,,,,,
202025_x_at,,,,,,
202026_at,,,,,,
202027_at,,,,,,
202028_s_at,,,,,,
202029_x_at,,,,,,
202030_at,,,,,,
202031_s_at,,,,,,
202032_s_at,,,,,,
202033_s_at,,,,,,
202034_x_at,,,,,,
202035_s_at,,,,,,
202036_s_at,,,,,,
202037_s_at,,,,,,
202038_at,,,,,,
202039_at,,,,,,
202040_s_at,,,,,,
202041_s_at,,,,,,
202042_at,,,,,,
202043_s_at,,,,,,
202044_at,,,,,,
202045_s_at,,,,,,
202046_s_at,,,,,,
202047_s_at,,,,,,
202048_s_at,,,,,,
202049_s_at,,,,,,
202050_s_at,,,,,,
202051_s_at,,,,,,
202052_s_at,,,,,,
202053_s_at,,,,,,
202054_s_at,,,,,,
202055_at,,,,,,
202056_at,,,,,,
202057_at,,,,,,
202058_s_at,,,,,,
202059_s_at,,,,,,
202060_at,,,,,,
202061_s_at,,,,,,
202062_s_at,,,,,,
202063_s_at,,,,,,
202064_s_at,,,,,,
202065_s_at,,,,,,
202066_at,,,,,,
202067_s_at,,,,,,
202068_s_at,,,,,,
202069_s_at,,,,,,
202070_s_at,,,,,,
202071_at,,,,,,
202072_at,,,,,,
202073_at,,,,,,
202074_s_at,,,,,,
202075_s_at,,,,,,
202076_at,,,,,,
202077_at,,,,,,
202078_at,,,,,,
202079_s_at,,,,,,
202080_s_at,,,,,,
202081_at,,,,,,
202082_s_at,,,,,,
202083_s_at,,,,,,
202084_s_at,,,,,,
202085_at,,,,,,
202086_at,,,,,,
202087_s_at,,,,,,
202088_at,,,,,,
202089_s_at,,,,,,
202090_s_at,,,,,,
202091_at,,,,,,
202092_s_at,,,,,,
202093_s_at,,,,,,
202094_at,,,,,,
202095_s_at,,,,,,
202096_s_at,,,,,,
202097_at,,,,,,
202098_s_at,,,,,,
202099_s_at,,,,,,
202100_at,,,,,,
202101_s_at,,,,,,
202102_s_at,,,,,,
202103_at,,,,,,
202104_s_at,,,,,,
202105_at,,,,,,
202106_at,,,,,,
202107_s_at,,,,,,
202108_at,,,,,,
202109_at,,,,,,
202110_at,,,,,,
202111_at,,,,,,
202112_at,,,,,,
202113_s_at,,,,,,
202114_at,,,,,,
202115_s_at,,,,,,
202116_at,,,,,,
202117_at,,,,,,
202118_s_at,,,,,,
202119_s_at,,,,,,
202120_x_at,,,,,,
202121_s_at,,,,,,
202122_s_at,,,,,,
202123_s_at,,,,,,
202124_s_at,,,,,,
202125_s_at,,,,,,
202126_at,,,,,,
202127_at,,,,,,
202128_at,,,,,,
202129_s_at,,,,,,
202130_at,,,,,,
202131_s_at,,,,,,
202132_at,,,,,,
202133_at,,,,,,
202134_s_at,,,,,,
202135_s_at,,,,,,
202136_at,,,,,,
202137_s_at,,,,,,
202138_x_at,,,,,,
202139_at,,,,,,
202140_s_at,,,,,,
202141_s_at,,,,,,
202142_at,,,,,,
202143_s_at,,,,,,
202144_s_at,,,,,,
202145_at,,,,,,
202146_at,,,,,,
202147_s_at,,,,,,
202148_s_at,,,,,,
202149_at,,,,,,
202150_s_at,,,,,,
202151_s_at,,,,,,
202152_x_at,,,,,,
202153_s_at,,,,,,
202154_x_at,,,,,,
202155_s_at,,,,,,
202156_s_at,,,,,,
202157_s_at,,,,,,
202158_s_at,,,,,,
202159_at,,,,,,
202160_at,,,,,,
202161_at,,,,,,
202162_s_at,,,,,,
202163_s_at,,,,,,
202164_s_at,,,,,,
202165_at,,,,,,
202166_s_at,,,,,,
202167_s_at,,,,,,
202168_at,,,,,,
202169_s_at,,,,,,
202170_s_at,,,,,,
202171_at,,,,,,
202172_at,,,,,,
202173_s_at,,,,,,
202174_s_at,,,,,,
202175_at,,,,,,
202176_at,,,,,,
202177_at,,,,,,
202178_at,,,,,,
202179_at,,,,,,
202180_s_at,,,,,,
202181_at,,,,,,
202182_at,,,,,,
202183_s_at,,,,,,
202184_s_at,,,,,,
202185_at,,,,,,
202186_x_at,,,,,,
202187_s_at,,,,,,
202188_at,,,,,,
202189_x_at,,,,,,
202190_at,,,,,,
202191_s_at,,,,,,
202192_s_at,,,,,,
202193_at,,,,,,
202194_at,,,,,,
202195_s_at,,,,,,
202196_s_at,,,,,,
202197_at,,,,,,
202198_s_at,,,,,,
202199_s_at,,,,,,
202200_s_at,,,,,,
202201_at,,,,,,
202202_s_at,,,,,,
202203_s_at,,,,,,
202204_s_at,,,,,,
202205_at,,,,,,
202206_at,,,,,,
202207_at,,,,,,
202208_s_at,,,,,,
202209_at,,,,,,
202210_x_at,,,,,,
202211_at,,,,,,
202212_at,,,,,,
202213_s_at,,,,,,
202214_s_at,,,,,,
202215_s_at,,,,,,
202216_x_at,,,,,,
202217_at,,,,,,
202218_s_at,,,,,,
202219_at,,,,,,
202220_at,,,,,,
202221_s_at,,,,,,
202222_s_at,,,,,,
202223_at,,,,,,
202224_at,,,,,,
202225_at,,,,,,
202226_s_at,,,,,,
202227_s_at,,,,,,
202228_s_at,,,,,,
202229_s_at,,,,,,
202230_s_at,,,,,,
202231_at,,,,,,
202232_s_at,,,,,,
202233_s_at,,,,,,
202234_s_at,,,,,,
202235_at,,,,,,
202236_s_at,,,,,,
202237_at,,,,,,
202238_s_at,,,,,,
202239_at,,,,,,
202240_at,,,,,,
202241_at,,,,,,
202242_at,,,,,,
202243_s_at,,,,,,
202244_at,,,,,,
202245_at,,,,,,
202246_s_at,,,,,,
202247_s_at,,,,,,
202248_at,,,,,,
202249_s_at,,,,,,
202250_s_at,,,,,,
202251_at,,,,,,
202252_at,,,,,,
202253_s_at,,,,,,
202254_at,,,,,,
202255_s_at,,,,,,
202256_at,,,,,,
202257_s_at,,,,,,
202258_s_at,,,,,,
202259_s_at,,,,,,
202260_s_at,,,,,,
202261_at,,,,,,
202262_x_at,,,,,,
202263_at,,,,,,
202264_s_at,,,,,,
202265_at,,,,,,
202266_at,,,,,,
202267_at,,,,,,
202268_s_at,,,,,,
202269_x_at,,,,,,
202270_at,,,,,,
202271_at,,,,,,
202272_s_at,,,,,,
202273_at,,,,,,
202274_at,,,,,,
202275_at,,,,,,
202276_at,,,,,,
202277_at,,,,,,
202278_s_at,,,,,,
202279_at,,,,,,
202280_at,,,,,,
202281_at,,,,,,
202282_at,,,,,,
202283_at,,,,,,
202284_s_at,,,,,,
202285_s_at,,,,,,
202286_s_at,,,,,,
202287_s_at,,,,,,
202288_at,,,,,,
202289_s_at,,,,,,
202290_at,,,,,,
202291_s_at,,,,,,
202292_x_at,,,,,,
202293_at,,,,,,
202294_at,,,,,,
202295_s_at,,,,,,
202296_s_at,,,,,,
202297_s_at,,,,,,
202298_at,,,,,,
202299_s_at,,,,,,
202300_at,,,,,,
202301_s_at,,,,,,
202302_s_at,,,,,,
202303_x_at,,,,,,
202304_at,,,,,,
202305_s_at,,,,,,
202306_at,,,,,,
202307_s_at,,,,,,
202308_at,,,,,,
202309_at,,,,,,
202310_s_at,,,,,,
202311_s_at,,,,,,
202312_s_at,,,,,,
202313_at,,,,,,
202314_at,,,,,,
202315_s_at,,,,,,
202316_x_at,,,,,,
202317_s_at,,,,,,
202318_s_at,,,,,,
202319_at,,,,,,
202320_at,,,,,,
202321_at,,,,,,
202322_s_at,,,,,,
202323_s_at,,,,,,
202324_s_at,,,,,,
202325_s_at,,,,,,
202326_at,,,,,,
202327_s_at,,,,,,
202328_s_at,,,,,,
202329_at,,,,,,
202330_s_at,,,,,,
202331_at,,,,,,
202332_at,,,,,,
202333_s_at,,,,,,
202334_s_at,,,,,,
202335_s_at,,,,,,
202336_s_at,,,,,,
202337_at,,,,,,
202338_at,,,,,,
202339_at,,,,,,
202340_x_at,,,,,,
202341_s_at,,,,,,
202342_s_at,,,,,,
202343_x_at,,,,,,
202344_at,,,,,,
202345_s_at,,,,,,
202346_at,,,,,,
202347_s_at,,,,,,
202348_s_at,,,,,,
202349_at,,,,,,
202350_s_at,,,,,,
202351_at,,,,,,
202352_s_at,,,,,,
202353_s_at,,,,,,
202354_s_at,,,,,,
202355_s_at,,,,,,
202356_s_at,,,,,,
202357_s_at,,,,,,
202358_s_at,,,,,,
202359_s_at,,,,,,
202360_at,,,,,,
202361_at,,,,,,
202362_at,,,,,,
202363_at,,,,,,
202364_at,,,,,,
202365_at,,,,,,
202366_at,,,,,,
202367_at,,,,,,
202368_s_at,,,,,,
202369_s_at,,,,,,
202370_s_at,,,,,,
202371_at,,,,,,
202372_at,,,,,,
202373_s_at,,,,,,
202374_s_at,,,,,,
202375_at,,,,,,
202376_at,,,,,,
202377_at,,,,,,
202378_s_at,,,,,,
202379_s_at,,,,,,
202380_s_at,,,,,,
202381_at,,,,,,
202382_s_at,,,,,,
202383_at,,,,,,
202384_s_at,,,,,,
202385_s_at,,,,,,
202386_s_at,,,,,,
202387_at,,,,,,
202388_at,,,,,,
202389_s_at,,,,,,
202390_s_at,,,,,,
202391_at,,,,,,
202392_s_at,,,,,,
202393_s_at,,,,,,
202394_s_at,,,,,,
202395_at,,,,,,
202396_at,,,,,,
202397_at,,,,,,
202398_at,,,,,,
202399_s_at,,,,,,
202400_s_at,,,,,,
202401_s_at,,,,,,
202402_s_at,,,,,,
202403_s_at,,,,,,
202404_s_at,,,,,,
202405_at,,,,,,
202406_s_at,,,,,,
202407_s_at,,,,,,
202408_s_at,,,,,,
202409_at,,,,,,
202410_x_at,,,,,,
202411_at,,,,,,
202412_s_at,,,,,,
202413_s_at,,,,,,
202414_at,,,,,,
202415_s_at,,,,,,
202416_at,,,,,,
202417_at,,,,,,
202418_at,,,,,,
202419_at,,,,,,
202420_s_at,,,,,,
202421_at,,,,,,
202422_s_at,,,,,,
202423_at,,,,,,
202424_at,,,,,,
202425_x_at,,,,,,
202426_s_at,,,,,,
202427_s_at,,,,,,
202428_x_at,,,,,,
202429_s_at,,,,,,
202430_s_at,,,,,,
202431_s_at,,,,,,
202432_at,,,,,,
202433_at,,,,,,
202434_s_at,,,,,,
202435_s_at,,,,,,
202436_s_at,,,,,,
202437_s_at,,,,,,
202438_x_at,,,,,,
202439_s_at,,,,,,
202440_s_at,,,,,,
202441_at,,,,,,
202442_at,,,,,,
202443_x_at,,,,,,
202444_s_at,,,,,,
202445_s_at,,,,,,
202446_s_at,,,,,,
202447_at,,,,,,
202448_s_at,,,,,,
202449_s_at,,,,,,
202450_s_at,,,,,,
202451_at,,,,,,
202452_at,,,,,,
202453_s_at,,,,,,
202454_s_at,,,,,,
202455_at,,,,,,
202456_s_at,,,,,,
202457_s_at,,,,,,
202458_at,,,,,,
202459_s_at,,,,,,
202460_s_at,,,,,,
202461_at,,,,,,
202462_s_at,,,,,,
202463_s_at,,,,,,
202464_s_at,,,,,,
202465_at,,,,,,
202466_at,,,,,,
202467_s_at,,,,,,
202468_s_at,,,,,,
202469_s_at,,,,,,
202470_s_at,,,,,,
202471_s_at,,,,,,
202472_at,,,,,,
202473_x_at,,,,,,
202474_s_at,,,,,,
202475_at,,,,,,
202476_s_at,,,,,,
202477_s_at,,,,,,
202478_at,,,,,,
202479_s_at,,,,,,
202480_s_at,,,,,,
202481_at,,,,,,
202482_x_at,,,,,,
202483_s_at,,,,,,
202484_s_at,,,,,,
202485_s_at,,,,,,
202486_at,,,,,,
202487_s_at,,,,,,
202488_s_at,,,,,,
202489_s_at,,,,,,
202490_at,,,,,,
202491_s_at,,,,,,
202492_at,,,,,,
202493_x_at,,,,,,
202494_at,,,,,,
202495_at,,,,,,
202496_at,,,,,,
202497_x_at,,,,,,
202498_s_at,,,,,,
202499_s_at,,,,,,
202500_at,,,,,,
202501_at,,,,,,
202502_at,,,,,,
202503_s_at,,,,,,
202504_at,,,,,,
202505_at,,,,,,
202506_at,,,,,,
202507_s_at,,,,,,
202508_s_at,,,,,,
202509_s_at,,,,,,
202510_s_at,,,,,,
202511_s_at,,,,,,
202512_s_at,,,,,,
202513_s_at,,,,,,
202514_at,,,,,,
202515_at,,,,,,
202516_s_at,,,,,,
202517_at,,,,,,
202518_at,,,,,,
202519_at,,,,,,
202520_s_at,,,,,,
202521_at,,,,,,
202522_at,,,,,,
202523_s_at,,,,,,
202524_s_at,,,,,,
202525_at,,,,,,
202526_at,,,,,,
202527_s_at,,,,,,
202528_at,,,,,,
202529_at,,,,,,
202530_at,,,,,,
202531_at,,,,,,
202532_s_at,,,,,,
202533_s_at,,,,,,
202534_x_at,,,,,,
202535_at,,,,,,
202536_at,,,,,,
202537_s_at,,,,,,
202538_s_at,,,,,,
202539_s_at,,,,,,
202540_s_at,,,,,,
202541_at,,,,,,
202542_s_at,,,,,,
202543_s_at,,,,,,
202544_at,,,,,,
202545_at,,,,,,
202546_at,,,,,,
202547_s_at,,,,,,
202548_s_at,,,,,,
202549_at,,,,,,
202550_s_at,,,,,,
202551_s_at,,,,,,
202552_s_at,,,,,,
202553_s_at,,,,,,
202554_s_at,,,,,,
202555_s_at,,,,,,
202556_s_at,,,,,,
202557_at,,,,,,
202558_s_at,,,,,,
202559_x_at,,,,,,
202560_s_at,,,,,,
202561_at,,,,,,
202562_s_at,,,,,,
202563_at,,,,,,
202564_x_at,,,,,,
202565_s_at,,,,,,
202566_s_at,,,,,,
202567_at,,,,,,
202568_s_at,,,,,,
202569_s_at,,,,,,
202570_s_at,,,,,,
202571_s_at,,,,,,
202572_s_at,,,,,,
202573_at,,,,,,
202574_s_at,,,,,,
202575_at,,,,,,
202576_s_at,,,,,,
202577_s_at,,,,,,
202578_s_at,,,,,,
202579_x_at,,,,,,
202580_x_at,,,,,,
202581_at,,,,,,
202582_s_at,,,,,,
202583_s_at,,,,,,
202584_at,,,,,,
202585_s_at,,,,,,
202586_at,,,,,,
202587_s_at,,,,,,
202588_at,,,,,,
202589_at,,,,,,
202590_s_at,,,,,,
202591_s_at,,,,,,
202592_at,,,,,,
202593_s_at,,,,,,
202594_at,,,,,,
202595_s_at,,,,,,
202596_at,,,,,,
202597_at,,,,,,
202598_at,,,,,,
202599_s_at,,,,,,
202600_s_at,,,,,,
202601_s_at,,,,,,
202602_s_at,,,,,,
202603_at,,,,,,
202604_x_at,,,,,,
202605_at,,,,,,
202606_s_at,,,,,,
202607_at,,,,,,
202608_s_at,,,,,,
202609_at,,,,,,
202610_s_at,,,,,,
202611_s_at,,,,,,
202612_s_at,,,,,,
202613_at,,,,,,
202614_at,,,,,,
202615_at,,,,,,
202616_s_at,,,,,,
202617_s_at,,,,,,
202618_s_at,,,,,,
202619_s_at,,,,,,
202620_s_at,,,,,,
202621_at,,,,,,
202622_s_at,,,,,,
202623_at,,,,,,
202624_s_at,,,,,,
202625_at,,,,,,
202626_s_at,,,,,,
202627_s_at,,,,,,
202628_s_at,,,,,,
202629_at,,,,,,
202630_at,,,,,,
202631_s_at,,,,,,
202632_at,,,,,,
202633_at,,,,,,
202634_at,,,,,,
202635_s_at,,,,,,
202636_at,,,,,,
202637_s_at,,,,,,
202638_s_at,,,,,,
202639_s_at,,,,,,
202640_s_at,,,,,,
202641_at,,,,,,
202642_s_at,,,,,,
202643_s_at,,,,,,
202644_s_at,,,,,,
202645_s_at,,,,,,
202646_s_at,,,,,,
202647_s_at,,,,,,
202648_at,,,,,,
202649_x_at,,,,,,
202650_s_at,,,,,,
202651_at,,,,,,
202652_at,,,,,,
202653_s_at,,,,,,
202654_x_at,,,,,,
202655_at,,,,,,
202656_s_at,,,,,,
202657_s_at,,,,,,
202658_at,,,,,,
202659_at,,,,,,
202660_at,,,,,,
202661_at,,,,,,
202662_s_at,,,,,,
202663_at,,,,,,
202664_at,,,,,,
202665_s_at,,,,,,
202666_s_at,,,,,,
202667_s_at,,,,,,
202668_at,,,,,,
202669_s_at,,,,,,
202670_at,,,,,,
202671_s_at,,,,,,
202672_s_at,,,,,,
202673_at,,,,,,
202674_s_at,,,,,,
202675_at,,,,,,
202676_x_at,,,,,,
202677_at,,,,,,
202678_at,,,,,,
202679_at,,,,,,
202680_at,,,,,,
202681_at,,,,,,
202682_s_at,,,,,,
202683_s_at,,,,,,
202684_s_at,,,,,,
202685_s_at,,,,,,
202686_s_at,,,,,,
202687_s_at,,,,,,
202688_at,,,,,,
202689_at,,,,,,
202690_s_at,,,,,,
202691_at,,,,,,
202692_s_at,,,,,,
202693_s_at,,,,,,
202694_at,,,,,,
202695_s_at,,,,,,
202696_at,,,,,,
202697_at,,,,,,
202698_x_at,,,,,,
202699_s_at,,,,,,
202700_s_at,,,,,,
202701_at,,,,,,
202702_at,,,,,,
202703_at,,,,,,
202704_at,,,,,,
202705_at,,,,,,
202706_s_at,,,,,,
202707_at,,,,,,
202708_s_at,,,,,,
202709_at,,,,,,
202710_at,,,,,,
202711_at,,,,,,
202712_s_at,,,,,,
202713_s_at,,,,,,
202714_s_at,,,,,,
202715_at,,,,,,
202716_at,,,,,,
202717_s_at,,,,,,
202718_at,,,,,,
202719_s_at,,,,,,
202720_at,,,,,,
202721_s_at,,,,,,
202722_s_at,,,,,,
202723_s_at,,,,,,
202724_s_at,,,,,,
202725_at,,,,,,
202726_at,,,,,,
202727_s_at,,,,,,
202728_s_at,,,,,,
202729_s_at,,,,,,
202730_s_at,,,,,,
202731_at,,,,,,
202732_at,,,,,,
202733_at,,,,,,
202734_at,,,,,,
202735_at,,,,,,
202736_s_at,,,,,,
202737_s_at,,,,,,
202738_s_at,,,,,,
202739_s_at,,,,,,
202740_at,,,,,,
202741_at,,,,,,
202742_s_at,,,,,,
202743_at,,,,,,
202744_at,,,,,,
202745_at,,,,,,
202746_at,,,,,,
202747_s_at,,,,,,
202748_at,,,,,,
202749_at,,,,,,
202750_s_at,,,,,,
202751_at,,,,,,
202752_x_at,,,,,,
202753_at,,,,,,
202754_at,,,,,,
202755_s_at,,,,,,
202756_s_at,,,,,,
202757_at,,,,,,
202758_s_at,,,,,,
202759_s_at,,,,,,
202760_s_at,,,,,,
202761_s_at,,,,,,
202762_at,,,,,,
202763_at,,,,,,
202764_at,,,,,,
202765_s_at,,,,,,
202766_s_at,,,,,,
202767_at,,,,,,
202768_at,,,,,,
202769_at,,,,,,
202770_s_at,,,,,,
202771_at,,,,,,
202772_at,,,,,,
202773_s_at,,,,,,
202774_s_at,,,,,,
202775_s_at,,,,,,
202776_at,,,,,,
202777_at,,,,,,
202778_s_at,,,,,,
202779_s_at,,,,,,
202780_at,,,,,,
202781_s_at,,,,,,
202782_s_at,,,,,,
202783_at,,,,,,
202784_s_at,,,,,,
202785_at,,,,,,
202786_at,,,,,,
202787_s_at,,,,,,
202788_at,,,,,,
202789_at,,,,,,
202790_at,,,,,,
202791_s_at,,,,,,
202792_s_at,,,,,,
202793_at,,,,,,
202794_at,,,,,,
202795_x_at,,,,,,
202796_at,,,,,,
202797_at,,,,,,
202798_at,,,,,,
202799_at,,,,,,
202800_at,,,,,,
202801_at,,,,,,
202802_at,,,,,,
202803_s_at,,,,,,
202804_at,,,,,,
202805_s_at,,,,,,
202806_at,,,,,,
202807_s_at,,,,,,
202808_at,,,,,,
202809_s_at,,,,,,
202810_at,,,,,,
202811_at,,,,,,
202812_at,,,,,,
202813_at,,,,,,
202814_s_at,,,,,,
202815_s_at,,,,,,
202816_s_at,,,,,,
202817_s_at,,,,,,
202818_s_at,,,,,,
202819_s_at,,,,,,
202820_at,,,,,,
202821_s_at,,,,,,
202822_at,,,,,,
202823_at,,,,,,
202824_s_at,,,,,,
202825_at,,,,,,
202826_at,,,,,,
202827_s_at,,,,,,
202828_s_at,,,,,,
202829_s_at,,,,,,
202830_s_at,,,,,,
202831_at,,,,,,
202832_at,,,,,,
202833_s_at,,,,,,
202834_at,,,,,,
202835_at,,,,,,
202836_s_at,,,,,,
202837_at,,,,,,
202838_at,,,,,,
202839_s_at,,,,,,
202840_at,,,,,,
202841_x_at,,,,,,
202842_s_at,,,,,,
202843_at,,,,,,
202844_s_at,,,,,,
202845_s_at,,,,,,
202846_s_at,,,,,,
202847_at,,,,,,
202848_s_at,,,,,,
202849_x_at,,,,,,
202850_at,,,,,,
202851_at,,,,,,
202852_s_at,,,,,,
202853_s_at,,,,,,
202854_at,,,,,,
202855_s_at,,,,,,
202856_s_at,,,,,,
202857_at,,,,,,
202858_at,,,,,,
202859_x_at,,,,,,
202860_at,,,,,,
202861_at,,,,,,
202862_at,,,,,,
202863_at,,,,,,
202864_s_at,,,,,,
202865_at,,,,,,
202866_at,,,,,,
202867_s_at,,,,,,
202868_s_at,,,,,,
202869_at,,,,,,
202870_s_at,,,,,,
202871_at,,,,,,
202872_at,,,,,,
202873_at,,,,,,
202874_s_at,,,,,,
202875_s_at,,,,,,
202876_s_at,,,,,,
202877_s_at,,,,,,
202878_s_at,,,,,,
202879_s_at,,,,,,
202880_s_at,,,,,,
202881_x_at,,,,,,
202882_x_at,,,,,,
202883_s_at,,,,,,
202884_s_at,,,,,,
202885_s_at,,,,,,
202886_s_at,,,,,,
202887_s_at,,,,,,
202888_s_at,,,,,,
202889_x_at,,,,,,
202890_at,,,,,,
202891_at,,,,,,
202892_at,,,,,,
202893_at,,,,,,
202894_at,,,,,,
202895_s_at,,,,,,
202896_s_at,,,,,,
202897_at,,,,,,
202898_at,,,,,,
202899_s_at,,,,,,
2028_s_at,,,,,,
202900_s_at,,,,,,
202901_x_at,,,,,,
202902_s_at,,,,,,
202903_at,,,,,,
202904_s_at,,,,,,
202905_x_at,,,,,,
202906_s_at,,,,,,
202907_s_at,,,,,,
202908_at,,,,,,
202909_at,,,,,,
202910_s_at,,,,,,
202911_at,,,,,,
202912_at,,,,,,
202913_at,,,,,,
202914_s_at,,,,,,
202915_s_at,,,,,,
202916_s_at,,,,,,
202917_s_at,,,,,,
202918_s_at,,,,,,
202919_at,,,,,,
202920_at,,,,,,
202921_s_at,,,,,,
202922_at,,,,,,
202923_s_at,,,,,,
202924_s_at,,,,,,
202925_s_at,,,,,,
202926_at,,,,,,
202927_at,,,,,,
202928_s_at,,,,,,
202929_s_at,,,,,,
202930_s_at,,,,,,
202931_x_at,,,,,,
202932_at,,,,,,
202933_s_at,,,,,,
202934_at,,,,,,
202935_s_at,,,,,,
202936_s_at,,,,,,
202937_x_at,,,,,,
202938_x_at,,,,,,
202939_at,,,,,,
202940_at,,,,,,
202941_at,,,,,,
202942_at,,,,,,
202943_s_at,,,,,,
202944_at,,,,,,
202945_at,,,,,,
202946_s_at,,,,,,
202947_s_at,,,,,,
202948_at,,,,,,
202949_s_at,,,,,,
202950_at,,,,,,
202951_at,,,,,,
202952_s_at,,,,,,
202953_at,,,,,,
202954_at,,,,,,
202955_s_at,,,,,,
202956_at,,,,,,
202957_at,,,,,,
202958_at,,,,,,
202959_at,,,,,,
202960_s_at,,,,,,
202961_s_at,,,,,,
202962_at,,,,,,
202963_at,,,,,,
202964_s_at,,,,,,
202965_s_at,,,,,,
202966_at,,,,,,
202967_at,,,,,,
202968_s_at,,,,,,
202969_at,,,,,,
202970_at,,,,,,
202971_s_at,,,,,,
202972_s_at,,,,,,
202973_x_at,,,,,,
202974_at,,,,,,
202975_s_at,,,,,,
202976_s_at,,,,,,
202977_s_at,,,,,,
202978_s_at,,,,,,
202979_s_at,,,,,,
202980_s_at,,,,,,
202981_x_at,,,,,,
202982_s_at,,,,,,
202983_at,,,,,,
202984_s_at,,,,,,
202985_s_at,,,,,,
202986_at,,,,,,
202987_at,,,,,,
202988_s_at,,,,,,
202989_at,,,,,,
202990_at,,,,,,
202991_at,,,,,,
202992_at,,,,,,
202993_at,,,,,,
202994_s_at,,,,,,
202995_s_at,,,,,,
202996_at,,,,,,
202997_s_at,,,,,,
202998_s_at,,,,,,
202999_s_at,,,,,,
203000_at,,,,,,
203001_s_at,,,,,,
203002_at,,,,,,
203003_at,,,,,,
203004_s_at,,,,,,
203005_at,,,,,,
203006_at,,,,,,
203007_x_at,,,,,,
203008_x_at,,,,,,
203009_at,,,,,,
203010_at,,,,,,
203011_at,,,,,,
203012_x_at,,,,,,
203013_at,,,,,,
203014_x_at,,,,,,
203015_s_at,,,,,,
203016_s_at,,,,,,
203017_s_at,,,,,,
203018_s_at,,,,,,
203019_x_at,,,,,,
203020_at,,,,,,
203021_at,,,,,,
203022_at,,,,,,
203023_at,,,,,,
203024_s_at,,,,,,
203025_at,,,,,,
203026_at,,,,,,
203027_s_at,,,,,,
203028_s_at,,,,,,
203029_s_at,,,,,,
203030_s_at,,,,,,
203031_s_at,,,,,,
203032_s_at,,,,,,
203033_x_at,,,,,,
203034_s_at,,,,,,
203035_s_at,,,,,,
203036_s_at,,,,,,
203037_s_at,,,,,,
203038_at,,,,,,
203039_s_at,,,,,,
203040_s_at,,,,,,
203041_s_at,,,,,,
203042_at,,,,,,
203043_at,,,,,,
203044_at,,,,,,
203045_at,,,,,,
203046_s_at,,,,,,
203047_at,,,,,,
203048_s_at,,,,,,
203049_s_at,,,,,,
203050_at,,,,,,
203051_at,,,,,,
203052_at,,,,,,
203053_at,,,,,,
203054_s_at,,,,,,
203055_s_at,,,,,,
203056_s_at,,,,,,
203057_s_at,,,,,,
203058_s_at,,,,,,
203059_s_at,,,,,,
203060_s_at,,,,,,
203061_s_at,,,,,,
203062_s_at,,,,,,
203063_at,,,,,,
203064_s_at,,,,,,
203065_s_at,,,,,,
203066_at,,,,,,
203067_at,,,,,,
203068_at,,,,,,
203069_at,,,,,,
203070_at,,,,,,
203071_at,,,,,,
203072_at,,,,,,
203073_at,,,,,,
203074_at,,,,,,
203075_at,,,,,,
203076_s_at,,,,,,
203077_s_at,,,,,,
203078_at,,,,,,
203079_s_at,,,,,,
203080_s_at,,,,,,
203081_at,,,,,,
203082_at,,,,,,
203083_at,,,,,,
203084_at,,,,,,
203085_s_at,,,,,,
203086_at,,,,,,
203087_s_at,,,,,,
203088_at,,,,,,
203089_s_at,,,,,,
203090_at,,,,,,
203091_at,,,,,,
203092_at,,,,,,
203093_s_at,,,,,,
203094_at,,,,,,
203095_at,,,,,,
203096_s_at,,,,,,
203097_s_at,,,,,,
203098_at,,,,,,
203099_s_at,,,,,,
203100_s_at,,,,,,
203101_s_at,,,,,,
203102_s_at,,,,,,
203103_s_at,,,,,,
203104_at,,,,,,
203105_s_at,,,,,,
203106_s_at,,,,,,
203107_x_at,,,,,,
203108_at,,,,,,
203109_at,,,,,,
203110_at,,,,,,
203111_s_at,,,,,,
203112_s_at,,,,,,
203113_s_at,,,,,,
203114_at,,,,,,
203115_at,,,,,,
203116_s_at,,,,,,
203117_s_at,,,,,,
203118_at,,,,,,
203119_at,,,,,,
203120_at,,,,,,
203122_at,,,,,,
203123_s_at,,,,,,
203124_s_at,,,,,,
203125_x_at,,,,,,
203126_at,,,,,,
203127_s_at,,,,,,
203128_at,,,,,,
203129_s_at,,,,,,
203130_s_at,,,,,,
203131_at,,,,,,
203132_at,,,,,,
203133_at,,,,,,
203134_at,,,,,,
203135_at,,,,,,
203136_at,,,,,,
203137_at,,,,,,
203138_at,,,,,,
203139_at,,,,,,
203140_at,,,,,,
203141_s_at,,,,,,
203142_s_at,,,,,,
203143_s_at,,,,,,
203144_s_at,,,,,,
203145_at,,,,,,
203146_s_at,,,,,,
203147_s_at,,,,,,
203148_s_at,,,,,,
203149_at,,,,,,
203150_at,,,,,,
203151_at,,,,,,
203152_at,,,,,,
203153_at,,,,,,
203154_s_at,,,,,,
203155_at,,,,,,
203156_at,,,,,,
203157_s_at,,,,,,
203158_s_at,,,,,,
203159_at,,,,,,
203160_s_at,,,,,,
203161_s_at,,,,,,
203162_s_at,,,,,,
203163_at,,,,,,
203164_at,,,,,,
203165_s_at,,,,,,
203166_at,,,,,,
203167_at,,,,,,
203168_at,,,,,,
203169_at,,,,,,
203170_at,,,,,,
203171_s_at,,,,,,
203172_at,,,,,,
203173_s_at,,,,,,
203174_s_at,,,,,,
203175_at,,,,,,
203176_s_at,,,,,,
203177_x_at,,,,,,
203178_at,,,,,,
203179_at,,,,,,
203180_at,,,,,,
203181_x_at,,,,,,
203182_s_at,,,,,,
203183_s_at,,,,,,
203184_at,,,,,,
203185_at,,,,,,
203186_s_at,,,,,,
203187_at,,,,,,
203188_at,,,,,,
203189_s_at,,,,,,
203190_at,,,,,,
203191_at,,,,,,
203192_at,,,,,,
203193_at,,,,,,
203194_s_at,,,,,,
203195_s_at,,,,,,
203196_at,,,,,,
203197_s_at,,,,,,
203198_at,,,,,,
203199_s_at,,,,,,
203200_s_at,,,,,,
203201_at,,,,,,
203202_at,,,,,,
203203_s_at,,,,,,
203204_s_at,,,,,,
203205_at,,,,,,
203206_at,,,,,,
203207_s_at,,,,,,
203208_s_at,,,,,,
203209_at,,,,,,
203210_s_at,,,,,,
203211_s_at,,,,,,
203212_s_at,,,,,,
203213_at,,,,,,
203214_x_at,,,,,,
203215_s_at,,,,,,
203216_s_at,,,,,,
203217_s_at,,,,,,
203218_at,,,,,,
203219_s_at,,,,,,
203220_s_at,,,,,,
203221_at,,,,,,
203222_s_at,,,,,,
203223_at,,,,,,
203224_at,,,,,,
203225_s_at,,,,,,
203226_s_at,,,,,,
203227_s_at,,,,,,
203228_at,,,,,,
203229_s_at,,,,,,
203230_at,,,,,,
203231_s_at,,,,,,
203232_s_at,,,,,,
203233_at,,,,,,
203234_at,,,,,,
203235_at,,,,,,
203236_s_at,,,,,,
203237_s_at,,,,,,
203238_s_at,,,,,,
203239_s_at,,,,,,
203240_at,,,,,,
203241_at,,,,,,
203242_s_at,,,,,,
203243_s_at,,,,,,
203244_at,,,,,,
203245_s_at,,,,,,
203246_s_at,,,,,,
203247_s_at,,,,,,
203248_at,,,,,,
203249_at,,,,,,
203250_at,,,,,,
203252_at,,,,,,
203253_s_at,,,,,,
203254_s_at,,,,,,
203255_at,,,,,,
203256_at,,,,,,
203257_s_at,,,,,,
203258_at,,,,,,
203259_s_at,,,,,,
203260_at,,,,,,
203261_at,,,,,,
203262_s_at,,,,,,
203263_s_at,,,,,,
203264_s_at,,,,,,
203265_s_at,,,,,,
203266_s_at,,,,,,
203267_s_at,,,,,,
203268_s_at,,,,,,
203269_at,,,,,,
203270_at,,,,,,
203271_s_at,,,,,,
203272_s_at,,,,,,
203273_s_at,,,,,,
203274_at,,,,,,
203275_at,,,,,,
203276_at,,,,,,
203277_at,,,,,,
203278_s_at,,,,,,
203279_at,,,,,,
203280_at,,,,,,
203281_s_at,,,,,,
203282_at,,,,,,
203283_s_at,,,,,,
203284_s_at,,,,,,
203285_s_at,,,,,,
203286_at,,,,,,
203287_at,,,,,,
203288_at,,,,,,
203289_s_at,,,,,,
203290_at,,,,,,
203291_at,,,,,,
203292_s_at,,,,,,
203293_s_at,,,,,,
203294_s_at,,,,,,
203295_s_at,,,,,,
203296_s_at,,,,,,
203297_s_at,,,,,,
203298_s_at,,,,,,
203299_s_at,,,,,,
203300_x_at,,,,,,
203301_s_at,,,,,,
203302_at,,,,,,
203303_at,,,,,,
203304_at,,,,,,
203305_at,,,,,,
203306_s_at,,,,,,
203307_at,,,,,,
203308_x_at,,,,,,
203309_s_at,,,,,,
203310_at,,,,,,
203311_s_at,,,,,,
203312_x_at,,,,,,
203313_s_at,,,,,,
203314_at,,,,,,
203315_at,,,,,,
203316_s_at,,,,,,
203317_at,,,,,,
203318_s_at,,,,,,
203319_s_at,,,,,,
203320_at,,,,,,
203321_s_at,,,,,,
203322_at,,,,,,
203323_at,,,,,,
203324_s_at,,,,,,
203325_s_at,,,,,,
203326_x_at,,,,,,
203327_at,,,,,,
203328_x_at,,,,,,
203329_at,,,,,,
203330_s_at,,,,,,
203331_s_at,,,,,,
203332_s_at,,,,,,
203333_at,,,,,,
203334_at,,,,,,
203335_at,,,,,,
203336_s_at,,,,,,
203337_x_at,,,,,,
203338_at,,,,,,
203339_at,,,,,,
203340_s_at,,,,,,
203341_at,,,,,,
203342_at,,,,,,
203343_at,,,,,,
203344_s_at,,,,,,
203345_s_at,,,,,,
203346_s_at,,,,,,
203347_s_at,,,,,,
203348_s_at,,,,,,
203349_s_at,,,,,,
203350_at,,,,,,
203351_s_at,,,,,,
203352_at,,,,,,
203353_s_at,,,,,,
203354_s_at,,,,,,
203355_s_at,,,,,,
203356_at,,,,,,
203357_s_at,,,,,,
203358_s_at,,,,,,
203359_s_at,,,,,,
203360_s_at,,,,,,
203361_s_at,,,,,,
203362_s_at,,,,,,
203363_s_at,,,,,,
203364_s_at,,,,,,
203365_s_at,,,,,,
203366_at,,,,,,
203367_at,,,,,,
203368_at,,,,,,
203369_x_at,,,,,,
203370_s_at,,,,,,
203371_s_at,,,,,,
203372_s_at,,,,,,
203373_at,,,,,,
203374_s_at,,,,,,
203375_s_at,,,,,,
203376_at,,,,,,
203377_s_at,,,,,,
203378_at,,,,,,
203379_at,,,,,,
203380_x_at,,,,,,
203381_s_at,,,,,,
203382_s_at,,,,,,
203383_s_at,,,,,,
203384_s_at,,,,,,
203385_at,,,,,,
203386_at,,,,,,
203387_s_at,,,,,,
203388_at,,,,,,
203389_at,,,,,,
203390_s_at,,,,,,
203391_at,,,,,,
203392_s_at,,,,,,
203393_at,,,,,,
203394_s_at,,,,,,
203395_s_at,,,,,,
203396_at,,,,,,
203397_s_at,,,,,,
203398_s_at,,,,,,
203399_x_at,,,,,,
203400_s_at,,,,,,
203401_at,,,,,,
203402_at,,,,,,
203403_s_at,,,,,,
203404_at,,,,,,
203405_at,,,,,,
203406_at,,,,,,
203407_at,,,,,,
203408_s_at,,,,,,
203409_at,,,,,,
203410_at,,,,,,
203411_s_at,,,,,,
203412_at,,,,,,
203413_at,,,,,,
203414_at,,,,,,
203415_at,,,,,,
203416_at,,,,,,
203417_at,,,,,,
203418_at,,,,,,
203419_at,,,,,,
203420_at,,,,,,
203421_at,,,,,,
203422_at,,,,,,
203423_at,,,,,,
203424_s_at,,,,,,
203425_s_at,,,,,,
203426_s_at,,,,,,
203427_at,,,,,,
203428_s_at,,,,,,
203429_s_at,,,,,,
203430_at,,,,,,
203431_s_at,,,,,,
203432_at,,,,,,
203433_at,,,,,,
203434_s_at,,,,,,
203435_s_at,,,,,,
203436_at,,,,,,
203437_at,,,,,,
203438_at,,,,,,
203439_s_at,,,,,,
203440_at,,,,,,
203441_s_at,,,,,,
203442_x_at,,,,,,
203443_at,,,,,,
203444_s_at,,,,,,
203445_s_at,,,,,,
203446_s_at,,,,,,
203447_at,,,,,,
203448_s_at,,,,,,
203449_s_at,,,,,,
203450_at,,,,,,
203451_at,,,,,,
203452_at,,,,,,
203453_at,,,,,,
203454_s_at,,,,,,
203455_s_at,,,,,,
203456_at,,,,,,
203457_at,,,,,,
203458_at,,,,,,
203459_s_at,,,,,,
203460_s_at,,,,,,
203461_at,,,,,,
203462_x_at,,,,,,
203463_s_at,,,,,,
203464_s_at,,,,,,
203465_at,,,,,,
203466_at,,,,,,
203467_at,,,,,,
203468_at,,,,,,
203469_s_at,,,,,,
203470_s_at,,,,,,
203471_s_at,,,,,,
203472_s_at,,,,,,
203473_at,,,,,,
203474_at,,,,,,
203475_at,,,,,,
203476_at,,,,,,
203477_at,,,,,,
203478_at,,,,,,
203479_s_at,,,,,,
203480_s_at,,,,,,
203481_at,,,,,,
203482_at,,,,,,
203483_at,,,,,,
203484_at,,,,,,
203485_at,,,,,,
203486_s_at,,,,,,
203487_s_at,,,,,,
203488_at,,,,,,
203489_at,,,,,,
203490_at,,,,,,
203491_s_at,,,,,,
203492_x_at,,,,,,
203493_s_at,,,,,,
203494_s_at,,,,,,
203495_at,,,,,,
203496_s_at,,,,,,
203497_at,,,,,,
203498_at,,,,,,
203499_at,,,,,,
203500_at,,,,,,
203501_at,,,,,,
203502_at,,,,,,
203503_s_at,,,,,,
203504_s_at,,,,,,
203505_at,,,,,,
203506_s_at,,,,,,
203507_at,,,,,,
203508_at,,,,,,
203509_at,,,,,,
203510_at,,,,,,
203511_s_at,,,,,,
203512_at,,,,,,
203513_at,,,,,,
203514_at,,,,,,
203515_s_at,,,,,,
203516_at,,,,,,
203517_at,,,,,,
203518_at,,,,,,
203519_s_at,,,,,,
203520_s_at,,,,,,
203521_s_at,,,,,,
203522_at,,,,,,
203523_at,,,,,,
203524_s_at,,,,,,
203525_s_at,,,,,,
203526_s_at,,,,,,
203527_s_at,,,,,,
203528_at,,,,,,
203529_at,,,,,,
203530_s_at,,,,,,
203531_at,,,,,,
203532_x_at,,,,,,
203533_s_at,,,,,,
203534_at,,,,,,
203535_at,,,,,,
203536_s_at,,,,,,
203537_at,,,,,,
203538_at,,,,,,
203539_s_at,,,,,,
203540_at,,,,,,
203541_s_at,,,,,,
203542_s_at,,,,,,
203543_s_at,,,,,,
203544_s_at,,,,,,
203545_at,,,,,,
203546_at,,,,,,
203547_at,,,,,,
203548_s_at,,,,,,
203549_s_at,,,,,,
203550_s_at,,,,,,
203551_s_at,,,,,,
203552_at,,,,,,
203553_s_at,,,,,,
203554_x_at,,,,,,
203555_at,,,,,,
203556_at,,,,,,
203557_s_at,,,,,,
203558_at,,,,,,
203559_s_at,,,,,,
203560_at,,,,,,
203561_at,,,,,,
203562_at,,,,,,
203563_at,,,,,,
203564_at,,,,,,
203565_s_at,,,,,,
203566_s_at,,,,,,
203567_s_at,,,,,,
203568_s_at,,,,,,
203569_s_at,,,,,,
203570_at,,,,,,
203571_s_at,,,,,,
203572_s_at,,,,,,
203573_s_at,,,,,,
203574_at,,,,,,
203575_at,,,,,,
203576_at,,,,,,
203577_at,,,,,,
203578_s_at,,,,,,
203579_s_at,,,,,,
203580_s_at,,,,,,
203581_at,,,,,,
203582_s_at,,,,,,
203583_at,,,,,,
203584_at,,,,,,
203585_at,,,,,,
203586_s_at,,,,,,
203587_at,,,,,,
203588_s_at,,,,,,
203589_s_at,,,,,,
203590_at,,,,,,
203591_s_at,,,,,,
203592_s_at,,,,,,
203593_at,,,,,,
203594_at,,,,,,
203595_s_at,,,,,,
203596_s_at,,,,,,
203597_s_at,,,,,,
203598_s_at,,,,,,
203599_s_at,,,,,,
203600_s_at,,,,,,
203601_s_at,,,,,,
203602_s_at,,,,,,
203603_s_at,,,,,,
203604_at,,,,,,
203605_at,,,,,,
203606_at,,,,,,
203607_at,,,,,,
203608_at,,,,,,
203609_s_at,,,,,,
203610_s_at,,,,,,
203611_at,,,,,,
203612_at,,,,,,
203613_s_at,,,,,,
203614_at,,,,,,
203615_x_at,,,,,,
203616_at,,,,,,
203617_x_at,,,,,,
203618_at,,,,,,
203619_s_at,,,,,,
203620_s_at,,,,,,
203621_at,,,,,,
203622_s_at,,,,,,
203623_at,,,,,,
203624_at,,,,,,
203625_x_at,,,,,,
203626_s_at,,,,,,
203627_at,,,,,,
203628_at,,,,,,
203629_s_at,,,,,,
203630_s_at,,,,,,
203631_s_at,,,,,,
203632_s_at,,,,,,
203633_at,,,,,,
203634_s_at,,,,,,
203635_at,,,,,,
203636_at,,,,,,
203637_s_at,,,,,,
203638_s_at,,,,,,
203639_s_at,,,,,,
203640_at,,,,,,
203641_s_at,,,,,,
203642_s_at,,,,,,
203643_at,,,,,,
203644_s_at,,,,,,
203645_s_at,,,,,,
203646_at,,,,,,
203647_s_at,,,,,,
203648_at,,,,,,
203649_s_at,,,,,,
203650_at,,,,,,
203651_at,,,,,,
203652_at,,,,,,
203653_s_at,,,,,,
203654_s_at,,,,,,
203655_at,,,,,,
203656_at,,,,,,
203657_s_at,,,,,,
203658_at,,,,,,
203659_s_at,,,,,,
203660_s_at,,,,,,
203661_s_at,,,,,,
203662_s_at,,,,,,
203663_s_at,,,,,,
203664_s_at,,,,,,
203665_at,,,,,,
203666_at,,,,,,
203667_at,,,,,,
203668_at,,,,,,
203669_s_at,,,,,,
203670_at,,,,,,
203671_at,,,,,,
203672_x_at,,,,,,
203673_at,,,,,,
203674_at,,,,,,
203675_at,,,,,,
203676_at,,,,,,
203677_s_at,,,,,,
203678_at,,,,,,
203679_at,,,,,,
203680_at,,,,,,
203681_at,,,,,,
203682_s_at,,,,,,
203683_s_at,,,,,,
203684_s_at,,,,,,
203685_at,,,,,,
203686_at,,,,,,
203687_at,,,,,,
203688_at,,,,,,
203689_s_at,,,,,,
203690_at,,,,,,
203691_at,,,,,,
203692_s_at,,,,,,
203693_s_at,,,,,,
203694_s_at,,,,,,
203695_s_at,,,,,,
203696_s_at,,,,,,
203697_at,,,,,,
203698_s_at,,,,,,
203699_s_at,,,,,,
203700_s_at,,,,,,
203701_s_at,,,,,,
203702_s_at,,,,,,
203703_s_at,,,,,,
203704_s_at,,,,,,
203705_s_at,,,,,,
203706_s_at,,,,,,
203707_at,,,,,,
203708_at,,,,,,
203709_at,,,,,,
203710_at,,,,,,
203711_s_at,,,,,,
203712_at,,,,,,
203713_s_at,,,,,,
203714_s_at,,,,,,
203715_at,,,,,,
203716_s_at,,,,,,
203717_at,,,,,,
203718_at,,,,,,
203719_at,,,,,,
203720_s_at,,,,,,
203721_s_at,,,,,,
203722_at,,,,,,
203723_at,,,,,,
203724_s_at,,,,,,
203725_at,,,,,,
203726_s_at,,,,,,
203727_at,,,,,,
203728_at,,,,,,
203729_at,,,,,,
203730_s_at,,,,,,
203731_s_at,,,,,,
203732_at,,,,,,
203733_at,,,,,,
203734_at,,,,,,
203735_x_at,,,,,,
203736_s_at,,,,,,
203737_s_at,,,,,,
203738_at,,,,,,
203739_at,,,,,,
203740_at,,,,,,
203741_s_at,,,,,,
203742_s_at,,,,,,
203743_s_at,,,,,,
203744_at,,,,,,
203745_at,,,,,,
203746_s_at,,,,,,
203747_at,,,,,,
203748_x_at,,,,,,
203749_s_at,,,,,,
203750_s_at,,,,,,
203751_x_at,,,,,,
203752_s_at,,,,,,
203753_at,,,,,,
203754_s_at,,,,,,
203755_at,,,,,,
203756_at,,,,,,
203757_s_at,,,,,,
203758_at,,,,,,
203759_at,,,,,,
203760_s_at,,,,,,
203761_at,,,,,,
203762_s_at,,,,,,
203763_at,,,,,,
203764_at,,,,,,
203765_at,,,,,,
203766_s_at,,,,,,
203767_s_at,,,,,,
203768_s_at,,,,,,
203769_s_at,,,,,,
203770_s_at,,,,,,
203771_s_at,,,,,,
203772_at,,,,,,
203773_x_at,,,,,,
203774_at,,,,,,
203775_at,,,,,,
203776_at,,,,,,
203777_s_at,,,,,,
203778_at,,,,,,
203779_s_at,,,,,,
203780_at,,,,,,
203781_at,,,,,,
203782_s_at,,,,,,
203783_x_at,,,,,,
203784_s_at,,,,,,
203785_s_at,,,,,,
203786_s_at,,,,,,
203787_at,,,,,,
203788_s_at,,,,,,
203789_s_at,,,,,,
203790_s_at,,,,,,
203791_at,,,,,,
203792_x_at,,,,,,
203793_x_at,,,,,,
203794_at,,,,,,
203795_s_at,,,,,,
203796_s_at,,,,,,
203797_at,,,,,,
203798_s_at,,,,,,
203799_at,,,,,,
203800_s_at,,,,,,
203801_at,,,,,,
203802_x_at,,,,,,
203803_at,,,,,,
203804_s_at,,,,,,
203805_s_at,,,,,,
203806_s_at,,,,,,
203807_x_at,,,,,,
203808_at,,,,,,
203809_s_at,,,,,,
203810_at,,,,,,
203811_s_at,,,,,,
203812_at,,,,,,
203813_s_at,,,,,,
203814_s_at,,,,,,
203815_at,,,,,,
203816_at,,,,,,
203817_at,,,,,,
203818_s_at,,,,,,
203819_s_at,,,,,,
203820_s_at,,,,,,
203821_at,,,,,,
203822_s_at,,,,,,
203823_at,,,,,,
203824_at,,,,,,
203825_at,,,,,,
203826_s_at,,,,,,
203827_at,,,,,,
203828_s_at,,,,,,
203829_at,,,,,,
203830_at,,,,,,
203831_at,,,,,,
203832_at,,,,,,
203833_s_at,,,,,,
203834_s_at,,,,,,
203835_at,,,,,,
203836_s_at,,,,,,
203837_at,,,,,,
203838_s_at,,,,,,
203839_s_at,,,,,,
203840_at,,,,,,
203841_x_at,,,,,,
203842_s_at,,,,,,
203843_at,,,,,,
203844_at,,,,,,
203845_at,,,,,,
203846_at,,,,,,
203847_s_at,,,,,,
203848_at,,,,,,
203849_s_at,,,,,,
203850_s_at,,,,,,
203851_at,,,,,,
203852_s_at,,,,,,
203853_s_at,,,,,,
203854_at,,,,,,
203855_at,,,,,,
203856_at,,,,,,
203857_s_at,,,,,,
203858_s_at,,,,,,
203859_s_at,,,,,,
203860_at,,,,,,
203861_s_at,,,,,,
203862_s_at,,,,,,
203863_at,,,,,,
203864_s_at,,,,,,
203865_s_at,,,,,,
203866_at,,,,,,
203867_s_at,,,,,,
203868_s_at,,,,,,
203869_at,,,,,,
203870_at,,,,,,
203871_at,,,,,,
203872_at,,,,,,
203873_at,,,,,,
203874_s_at,,,,,,
203875_at,,,,,,
203876_s_at,,,,,,
203877_at,,,,,,
203878_s_at,,,,,,
203879_at,,,,,,
203880_at,,,,,,
203881_s_at,,,,,,
203882_at,,,,,,
203883_s_at,,,,,,
203884_s_at,,,,,,
203885_at,,,,,,
203886_s_at,,,,,,
203887_s_at,,,,,,
203888_at,,,,,,
203889_at,,,,,,
203890_s_at,,,,,,
203891_s_at,,,,,,
203892_at,,,,,,
203893_at,,,,,,
203894_at,,,,,,
203895_at,,,,,,
203896_s_at,,,,,,
203897_at,,,,,,
203898_at,,,,,,
203899_s_at,,,,,,
203900_at,,,,,,
203901_at,,,,,,
203902_at,,,,,,
203903_s_at,,,,,,
203904_x_at,,,,,,
203905_at,,,,,,
203906_at,,,,,,
203907_s_at,,,,,,
203908_at,,,,,,
203909_at,,,,,,
203910_at,,,,,,
203911_at,,,,,,
203912_s_at,,,,,,
203913_s_at,,,,,,
203914_x_at,,,,,,
203915_at,,,,,,
203916_at,,,,,,
203917_at,,,,,,
203918_at,,,,,,
203919_at,,,,,,
203920_at,,,,,,
203921_at,,,,,,
203922_s_at,,,,,,
203923_s_at,,,,,,
203924_at,,,,,,
203925_at,,,,,,
203926_x_at,,,,,,
203927_at,,,,,,
203928_x_at,,,,,,
203929_s_at,,,,,,
203930_s_at,,,,,,
203931_s_at,,,,,,
203932_at,,,,,,
203933_at,,,,,,
203934_at,,,,,,
203935_at,,,,,,
203936_s_at,,,,,,
203937_s_at,,,,,,
203938_s_at,,,,,,
203939_at,,,,,,
203940_s_at,,,,,,
203941_at,,,,,,
203942_s_at,,,,,,
203943_at,,,,,,
203944_x_at,,,,,,
203945_at,,,,,,
203946_s_at,,,,,,
203947_at,,,,,,
203948_s_at,,,,,,
203949_at,,,,,,
203950_s_at,,,,,,
203951_at,,,,,,
203952_at,,,,,,
203953_s_at,,,,,,
203954_x_at,,,,,,
203955_at,,,,,,
203956_at,,,,,,
203957_at,,,,,,
203958_s_at,,,,,,
203959_s_at,,,,,,
203960_s_at,,,,,,
203961_at,,,,,,
203962_s_at,,,,,,
203963_at,,,,,,
203964_at,,,,,,
203965_at,,,,,,
203966_s_at,,,,,,
203967_at,,,,,,
203968_s_at,,,,,,
203969_at,,,,,,
203970_s_at,,,,,,
203971_at,,,,,,
203972_s_at,,,,,,
203973_s_at,,,,,,
203974_at,,,,,,
203975_s_at,,,,,,
203976_s_at,,,,,,
203977_at,,,,,,
203978_at,,,,,,
203979_at,,,,,,
203980_at,,,,,,
203981_s_at,,,,,,
203982_s_at,,,,,,
203983_at,,,,,,
203984_s_at,,,,,,
203985_at,,,,,,
203986_at,,,,,,
203987_at,,,,,,
203988_s_at,,,,,,
203989_x_at,,,,,,
203990_s_at,,,,,,
203991_s_at,,,,,,
203992_s_at,,,,,,
203993_x_at,,,,,,
203994_s_at,,,,,,
203995_at,,,,,,
203996_s_at,,,,,,
203997_at,,,,,,
203998_s_at,,,,,,
203999_at,,,,,,
204000_at,,,,,,
204001_at,,,,,,
204002_s_at,,,,,,
204003_s_at,,,,,,
204004_at,,,,,,
204005_s_at,,,,,,
204006_s_at,,,,,,
204007_at,,,,,,
204008_at,,,,,,
204009_s_at,,,,,,
204010_s_at,,,,,,
204011_at,,,,,,
204012_s_at,,,,,,
204013_s_at,,,,,,
204014_at,,,,,,
204015_s_at,,,,,,
204016_at,,,,,,
204017_at,,,,,,
204018_x_at,,,,,,
204019_s_at,,,,,,
204020_at,,,,,,
204021_s_at,,,,,,
204022_at,,,,,,
204023_at,,,,,,
204024_at,,,,,,
204025_s_at,,,,,,
204026_s_at,,,,,,
204027_s_at,,,,,,
204028_s_at,,,,,,
204029_at,,,,,,
204030_s_at,,,,,,
204031_s_at,,,,,,
204032_at,,,,,,
204033_at,,,,,,
204034_at,,,,,,
204035_at,,,,,,
204036_at,,,,,,
204037_at,,,,,,
204038_s_at,,,,,,
204039_at,,,,,,
204040_at,,,,,,
204041_at,,,,,,
204042_at,,,,,,
204043_at,,,,,,
204044_at,,,,,,
204045_at,,,,,,
204046_at,,,,,,
204047_s_at,,,,,,
204048_s_at,,,,,,
204049_s_at,,,,,,
204050_s_at,,,,,,
204051_s_at,,,,,,
204052_s_at,,,,,,
204053_x_at,,,,,,
204054_at,,,,,,
204055_s_at,,,,,,
204056_s_at,,,,,,
204057_at,,,,,,
204058_at,,,,,,
204059_s_at,,,,,,
204060_s_at,,,,,,
204061_at,,,,,,
204062_s_at,,,,,,
204063_s_at,,,,,,
204064_at,,,,,,
204065_at,,,,,,
204066_s_at,,,,,,
204067_at,,,,,,
204068_at,,,,,,
204069_at,,,,,,
204070_at,,,,,,
204071_s_at,,,,,,
204072_s_at,,,,,,
204073_s_at,,,,,,
204074_s_at,,,,,,
204075_s_at,,,,,,
204076_at,,,,,,
204077_x_at,,,,,,
204078_at,,,,,,
204079_at,,,,,,
204080_at,,,,,,
204081_at,,,,,,
204082_at,,,,,,
204083_s_at,,,,,,
204084_s_at,,,,,,
204085_s_at,,,,,,
204086_at,,,,,,
204087_s_at,,,,,,
204088_at,,,,,,
204089_x_at,,,,,,
204090_at,,,,,,
204091_at,,,,,,
204092_s_at,,,,,,
204093_at,,,,,,
204094_s_at,,,,,,
204095_s_at,,,,,,
204096_s_at,,,,,,
204097_s_at,,,,,,
204098_at,,,,,,
204099_at,,,,,,
204100_at,,,,,,
204101_at,,,,,,
204102_s_at,,,,,,
204103_at,,,,,,
204104_at,,,,,,
204105_s_at,,,,,,
204106_at,,,,,,
204107_at,,,,,,
204108_at,,,,,,
204109_s_at,,,,,,
204110_at,,,,,,
204111_at,,,,,,
204112_s_at,,,,,,
204113_at,,,,,,
204114_at,,,,,,
204115_at,,,,,,
204116_at,,,,,,
204117_at,,,,,,
204118_at,,,,,,
204119_s_at,,,,,,
204120_s_at,,,,,,
204121_at,,,,,,
204122_at,,,,,,
204123_at,,,,,,
204124_at,,,,,,
204125_at,,,,,,
204126_s_at,,,,,,
204127_at,,,,,,
204128_s_at,,,,,,
204129_at,,,,,,
204130_at,,,,,,
204131_s_at,,,,,,
204132_s_at,,,,,,
204133_at,,,,,,
204134_at,,,,,,
204135_at,,,,,,
204136_at,,,,,,
204137_at,,,,,,
204138_s_at,,,,,,
204139_x_at,,,,,,
204140_at,,,,,,
204141_at,,,,,,
204142_at,,,,,,
204143_s_at,,,,,,
204144_s_at,,,,,,
204145_at,,,,,,
204146_at,,,,,,
204147_s_at,,,,,,
204148_s_at,,,,,,
204149_s_at,,,,,,
204150_at,,,,,,
204151_x_at,,,,,,
204152_s_at,,,,,,
204153_s_at,,,,,,
204154_at,,,,,,
204155_s_at,,,,,,
204156_at,,,,,,
204157_s_at,,,,,,
204158_s_at,,,,,,
204159_at,,,,,,
204160_s_at,,,,,,
204161_s_at,,,,,,
204162_at,,,,,,
204163_at,,,,,,
204164_at,,,,,,
204165_at,,,,,,
204166_at,,,,,,
204167_at,,,,,,
204168_at,,,,,,
204169_at,,,,,,
204170_s_at,,,,,,
204171_at,,,,,,
204172_at,,,,,,
204173_at,,,,,,
204174_at,,,,,,
204175_at,,,,,,
204176_at,,,,,,
204177_s_at,,,,,,
204178_s_at,,,,,,
204179_at,,,,,,
204180_s_at,,,,,,
204181_s_at,,,,,,
204182_s_at,,,,,,
204183_s_at,,,,,,
204184_s_at,,,,,,
204185_x_at,,,,,,
204186_s_at,,,,,,
204187_at,,,,,,
204188_s_at,,,,,,
204189_at,,,,,,
204190_at,,,,,,
204191_at,,,,,,
204192_at,,,,,,
204193_at,,,,,,
204194_at,,,,,,
204195_s_at,,,,,,
204196_x_at,,,,,,
204197_s_at,,,,,,
204198_s_at,,,,,,
204199_at,,,,,,
204200_s_at,,,,,,
204201_s_at,,,,,,
204202_at,,,,,,
204203_at,,,,,,
204204_at,,,,,,
204205_at,,,,,,
204206_at,,,,,,
204207_s_at,,,,,,
204208_at,,,,,,
204209_at,,,,,,
204210_s_at,,,,,,
204211_x_at,,,,,,
204212_at,,,,,,
204213_at,,,,,,
204214_s_at,,,,,,
204215_at,,,,,,
204216_s_at,,,,,,
204217_s_at,,,,,,
204218_at,,,,,,
204219_s_at,,,,,,
204220_at,,,,,,
204221_x_at,,,,,,
204222_s_at,,,,,,
204223_at,,,,,,
204224_s_at,,,,,,
204225_at,,,,,,
204226_at,,,,,,
204227_s_at,,,,,,
204228_at,,,,,,
204229_at,,,,,,
204230_s_at,,,,,,
204231_s_at,,,,,,
204232_at,,,,,,
204233_s_at,,,,,,
204234_s_at,,,,,,
204235_s_at,,,,,,
204236_at,,,,,,
204237_at,,,,,,
204238_s_at,,,,,,
204239_s_at,,,,,,
204240_s_at,,,,,,
204241_at,,,,,,
204242_s_at,,,,,,
204243_at,,,,,,
204244_s_at,,,,,,
204245_s_at,,,,,,
204246_s_at,,,,,,
204247_s_at,,,,,,
204248_at,,,,,,
204249_s_at,,,,,,
204250_s_at,,,,,,
204251_s_at,,,,,,
204252_at,,,,,,
204253_s_at,,,,,,
204254_s_at,,,,,,
204255_s_at,,,,,,
204256_at,,,,,,
204257_at,,,,,,
204258_at,,,,,,
204259_at,,,,,,
204260_at,,,,,,
204261_s_at,,,,,,
204262_s_at,,,,,,
204263_s_at,,,,,,
204264_at,,,,,,
204265_s_at,,,,,,
204266_s_at,,,,,,
204267_x_at,,,,,,
204268_at,,,,,,
204269_at,,,,,,
204270_at,,,,,,
204271_s_at,,,,,,
204272_at,,,,,,
204273_at,,,,,,
204274_at,,,,,,
204275_at,,,,,,
204276_at,,,,,,
204277_s_at,,,,,,
204278_s_at,,,,,,
204279_at,,,,,,
204280_at,,,,,,
204281_at,,,,,,
204282_s_at,,,,,,
204283_at,,,,,,
204284_at,,,,,,
204285_s_at,,,,,,
204286_s_at,,,,,,
204287_at,,,,,,
204288_s_at,,,,,,
204289_at,,,,,,
204290_s_at,,,,,,
204291_at,,,,,,
204292_x_at,,,,,,
204293_at,,,,,,
204294_at,,,,,,
204295_at,,,,,,
204296_at,,,,,,
204297_at,,,,,,
204298_s_at,,,,,,
204299_at,,,,,,
204300_at,,,,,,
204301_at,,,,,,
204302_s_at,,,,,,
204303_s_at,,,,,,
204304_s_at,,,,,,
204305_at,,,,,,
204306_s_at,,,,,,
204307_at,,,,,,
204308_s_at,,,,,,
204309_at,,,,,,
204310_s_at,,,,,,
204311_at,,,,,,
204312_x_at,,,,,,
204313_s_at,,,,,,
204314_s_at,,,,,,
204315_s_at,,,,,,
204316_at,,,,,,
204317_at,,,,,,
204318_s_at,,,,,,
204319_s_at,,,,,,
204320_at,,,,,,
204321_at,,,,,,
204322_at,,,,,,
204323_x_at,,,,,,
204324_s_at,,,,,,
204325_s_at,,,,,,
204326_x_at,,,,,,
204327_s_at,,,,,,
204328_at,,,,,,
204329_s_at,,,,,,
204330_s_at,,,,,,
204331_s_at,,,,,,
204332_s_at,,,,,,
204333_s_at,,,,,,
204334_at,,,,,,
204335_at,,,,,,
204336_s_at,,,,,,
204337_at,,,,,,
204338_s_at,,,,,,
204339_s_at,,,,,,
204340_at,,,,,,
204341_at,,,,,,
204342_at,,,,,,
204343_at,,,,,,
204344_s_at,,,,,,
204345_at,,,,,,
204346_s_at,,,,,,
204347_at,,,,,,
204348_s_at,,,,,,
204349_at,,,,,,
204350_s_at,,,,,,
204351_at,,,,,,
204352_at,,,,,,
204353_s_at,,,,,,
204354_at,,,,,,
204355_at,,,,,,
204356_at,,,,,,
204357_s_at,,,,,,
204358_s_at,,,,,,
204359_at,,,,,,
204360_s_at,,,,,,
204361_s_at,,,,,,
204362_at,,,,,,
204363_at,,,,,,
204364_s_at,,,,,,
204365_s_at,,,,,,
204366_s_at,,,,,,
204367_at,,,,,,
204368_at,,,,,,
204369_at,,,,,,
204370_at,,,,,,
204371_s_at,,,,,,
204372_s_at,,,,,,
204373_s_at,,,,,,
204374_s_at,,,,,,
204375_at,,,,,,
204376_at,,,,,,
204377_s_at,,,,,,
204378_at,,,,,,
204379_s_at,,,,,,
204380_s_at,,,,,,
204381_at,,,,,,
204382_at,,,,,,
204383_at,,,,,,
204384_at,,,,,,
204385_at,,,,,,
204386_s_at,,,,,,
204387_x_at,,,,,,
204388_s_at,,,,,,
204389_at,,,,,,
204390_at,,,,,,
204391_x_at,,,,,,
204392_at,,,,,,
204393_s_at,,,,,,
204394_at,,,,,,
204395_s_at,,,,,,
204396_s_at,,,,,,
204397_at,,,,,,
204398_s_at,,,,,,
204399_s_at,,,,,,
204400_at,,,,,,
204401_at,,,,,,
204402_at,,,,,,
204403_x_at,,,,,,
204404_at,,,,,,
204405_x_at,,,,,,
204406_at,,,,,,
204407_at,,,,,,
204408_at,,,,,,
204409_s_at,,,,,,
204410_at,,,,,,
204411_at,,,,,,
204412_s_at,,,,,,
204413_at,,,,,,
204414_at,,,,,,
204415_at,,,,,,
204416_x_at,,,,,,
204417_at,,,,,,
204418_x_at,,,,,,
204419_x_at,,,,,,
204420_at,,,,,,
204421_s_at,,,,,,
204422_s_at,,,,,,
204423_at,,,,,,
204424_s_at,,,,,,
204425_at,,,,,,
204426_at,,,,,,
204427_s_at,,,,,,
204428_s_at,,,,,,
204429_s_at,,,,,,
204430_s_at,,,,,,
204431_at,,,,,,
204432_at,,,,,,
204433_s_at,,,,,,
204434_at,,,,,,
204435_at,,,,,,
204436_at,,,,,,
204437_s_at,,,,,,
204438_at,,,,,,
204439_at,,,,,,
204440_at,,,,,,
204441_s_at,,,,,,
204442_x_at,,,,,,
204443_at,,,,,,
204444_at,,,,,,
204445_s_at,,,,,,
204446_s_at,,,,,,
204447_at,,,,,,
204448_s_at,,,,,,
204449_at,,,,,,
204450_x_at,,,,,,
204451_at,,,,,,
204452_s_at,,,,,,
204453_at,,,,,,
204454_at,,,,,,
204455_at,,,,,,
204456_s_at,,,,,,
204457_s_at,,,,,,
204458_at,,,,,,
204459_at,,,,,,
204460_s_at,,,,,,
204461_x_at,,,,,,
204462_s_at,,,,,,
204463_s_at,,,,,,
204464_s_at,,,,,,
204465_s_at,,,,,,
204466_s_at,,,,,,
204467_s_at,,,,,,
204468_s_at,,,,,,
204469_at,,,,,,
204470_at,,,,,,
204471_at,,,,,,
204472_at,,,,,,
204473_s_at,,,,,,
204474_at,,,,,,
204475_at,,,,,,
204476_s_at,,,,,,
204477_at,,,,,,
204478_s_at,,,,,,
204479_at,,,,,,
204480_s_at,,,,,,
204481_at,,,,,,
204482_at,,,,,,
204483_at,,,,,,
204484_at,,,,,,
204485_s_at,,,,,,
204486_at,,,,,,
204487_s_at,,,,,,
204488_at,,,,,,
204489_s_at,,,,,,
204490_s_at,,,,,,
204491_at,,,,,,
204492_at,,,,,,
204493_at,,,,,,
204494_s_at,,,,,,
204495_s_at,,,,,,
204496_at,,,,,,
204497_at,,,,,,
204498_s_at,,,,,,
204499_at,,,,,,
204500_s_at,,,,,,
204501_at,,,,,,
204502_at,,,,,,
204503_at,,,,,,
204504_s_at,,,,,,
204505_s_at,,,,,,
204506_at,,,,,,
204507_s_at,,,,,,
204508_s_at,,,,,,
204509_at,,,,,,
204510_at,,,,,,
204511_at,,,,,,
204512_at,,,,,,
204513_s_at,,,,,,
204514_at,,,,,,
204515_at,,,,,,
204516_at,,,,,,
204517_at,,,,,,
204518_s_at,,,,,,
204519_s_at,,,,,,
204520_x_at,,,,,,
204521_at,,,,,,
204522_at,,,,,,
204523_at,,,,,,
204524_at,,,,,,
204525_at,,,,,,
204526_s_at,,,,,,
204527_at,,,,,,
204528_s_at,,,,,,
204529_s_at,,,,,,
204530_s_at,,,,,,
204531_s_at,,,,,,
204532_x_at,,,,,,
204533_at,,,,,,
204534_at,,,,,,
204535_s_at,,,,,,
204536_s_at,,,,,,
204537_s_at,,,,,,
204538_x_at,,,,,,
204539_s_at,,,,,,
204540_at,,,,,,
204541_at,,,,,,
204542_at,,,,,,
204543_at,,,,,,
204544_at,,,,,,
204545_at,,,,,,
204546_at,,,,,,
204547_at,,,,,,
204548_at,,,,,,
204549_at,,,,,,
204550_x_at,,,,,,
204551_s_at,,,,,,
204552_at,,,,,,
204553_x_at,,,,,,
204554_at,,,,,,
204555_s_at,,,,,,
204556_s_at,,,,,,
204557_s_at,,,,,,
204558_at,,,,,,
204559_s_at,,,,,,
204560_at,,,,,,
204561_x_at,,,,,,
204562_at,,,,,,
204563_at,,,,,,
204564_at,,,,,,
204565_at,,,,,,
204566_at,,,,,,
204567_s_at,,,,,,
204568_at,,,,,,
204569_at,,,,,,
204570_at,,,,,,
204571_x_at,,,,,,
204572_s_at,,,,,,
204573_at,,,,,,
204574_s_at,,,,,,
204575_s_at,,,,,,
204576_s_at,,,,,,
204577_s_at,,,,,,
204578_at,,,,,,
204579_at,,,,,,
204580_at,,,,,,
204581_at,,,,,,
204582_s_at,,,,,,
204583_x_at,,,,,,
204584_at,,,,,,
204585_s_at,,,,,,
204586_at,,,,,,
204587_at,,,,,,
204588_s_at,,,,,,
204589_at,,,,,,
204590_x_at,,,,,,
204591_at,,,,,,
204592_at,,,,,,
204593_s_at,,,,,,
204594_s_at,,,,,,
204595_s_at,,,,,,
204596_s_at,,,,,,
204597_x_at,,,,,,
204598_at,,,,,,
204599_s_at,,,,,,
204600_at,,,,,,
204601_at,,,,,,
204602_at,,,,,,
204603_at,,,,,,
204604_at,,,,,,
204605_at,,,,,,
204606_at,,,,,,
204607_at,,,,,,
204608_at,,,,,,
204609_at,,,,,,
204610_s_at,,,,,,
204611_s_at,,,,,,
204612_at,,,,,,
204613_at,,,,,,
204614_at,,,,,,
204615_x_at,,,,,,
204616_at,,,,,,
204617_s_at,,,,,,
204618_s_at,,,,,,
204619_s_at,,,,,,
204620_s_at,,,,,,
204621_s_at,,,,,,
204622_x_at,,,,,,
204623_at,,,,,,
204624_at,,,,,,
204625_s_at,,,,,,
204626_s_at,,,,,,
204627_s_at,,,,,,
204628_s_at,,,,,,
204629_at,,,,,,
204630_s_at,,,,,,
204631_at,,,,,,
204632_at,,,,,,
204633_s_at,,,,,,
204634_at,,,,,,
204635_at,,,,,,
204636_at,,,,,,
204637_at,,,,,,
204638_at,,,,,,
204639_at,,,,,,